EEG_Delta,EEG_Theta,EEG_Alpha,EEG_Beta,EEG_Gamma,Motion_JointVelocity,Motion_JointAccel,Motion_Stability,Cognitive_TaskScore,Fused_FeatureScore,Neurocognitive_State
1.3734364040810325,3.1274666722403768,6.247501427296751,19.826314909452215,16.731489393993865,0.9034350405605556,1.3632085582368563,0.07087170065487358,4.786559890610709,5.868047429882275,2
3.332428641793715,2.7296749627348147,6.761053399245452,19.659198988496712,25.13508772164507,2.0181158526077585,1.3030558658746254,0.5981824455420024,40.78600255909134,6.202150314258653,2
2.5887794021587776,2.8551938149230134,2.079390569022685,16.907271558620593,17.82547737886267,0.903654135566806,2.224897904698589,0.26440429792964537,70.50345222633328,4.269662698695853,0
2.1354388462699245,5.938247818680289,5.712761275628031,14.891344431229964,10.27261104853649,4.826946752964993,2.0890411977507473,0.5276244568387078,22.687051633149412,4.865683315201592,1
0.6304633775042842,1.2005459570624124,9.707993927100706,13.66710575376627,29.448925818964046,4.132677421968127,2.516486717903959,0.5174610093842912,79.52870447972225,5.987897644199491,0
0.630381369143089,5.335157480612243,6.15225824103639,17.99152318066752,25.33281464417194,2.568347394604071,0.8248810455945371,0.9243543461938004,63.0779733104932,5.818086897614661,0
0.29748428137187816,3.893377042861967,7.4203381396716255,9.34159282429232,23.365534434794835,1.50621146745652,1.8676326782867845,0.5490832225687229,58.75617721497983,4.380505182918636,1
3.0449988956347798,3.1930770959479524,4.494910863335066,12.015218187273156,39.00905543854946,4.700547973624335,1.7970648776392761,0.5829984797183156,35.35488542043371,3.974181248660116,0
2.14379103992691,4.626288302075682,8.1919310252221,14.290849540497529,27.13597551888741,2.050684680771373,1.1722396515307973,0.4016531257643803,48.24514703811176,5.540815281933347,2
2.507446764506555,3.4333447071235144,8.183371855008922,11.167857138042367,35.90294733368154,1.2244299425931864,1.5095668715177748,0.9490796031828168,59.73493009778531,5.057603695041069,2
0.16998728060572832,5.367116190408303,6.170368381233112,11.41229681135402,14.183507086154805,3.034239748042797,1.0099682155866134,0.7771859094396096,47.24621139148905,4.430745692703126,0
3.397693497350781,5.503509320056293,9.80811058623371,9.954270012531266,27.07619389388283,4.746983541551672,0.5113487530892571,0.28540529030284156,69.831332394056,5.199862233619102,1
2.930304978721434,3.108604634367277,3.004401718101227,13.46347725026804,36.03938880192709,0.5172363072514516,0.7200235109219252,0.8442095857762321,43.36969331069596,3.89296696257131,2
0.8219529763061388,2.384138986175258,2.135581319116648,17.75861792022674,27.49317271839694,1.5715617946429943,0.40598957456348317,0.43239636018509,20.227318174203035,4.33955920633997,2
0.7182048885041421,3.961751642966811,8.161265694056768,8.022925670094693,31.540425343810046,4.723014381846834,2.0809017680513597,0.8286671435335939,21.393378280104724,4.282878405783002,2
0.7235753335016749,5.561816728083455,8.457244298919061,19.01649558130162,21.16130703436622,1.2698868508572292,2.0161094400165394,0.822888068293502,0.5803768842941093,6.506791150247625,0
1.1344236260624283,2.0533109450283327,2.96165783296461,15.336314806223445,12.773485511111998,1.0095955323791894,2.8567584775816313,0.1888701867628544,30.095771555867245,4.083821663154245,1
1.8841718675496086,4.114832917817414,4.124662663668849,17.34909819020045,23.737008853812142,3.06584247109912,2.2160673995769997,0.7011411313835769,74.89176404785196,5.072121955561016,1
1.5686130633831936,4.157801100462603,2.1404189069330313,13.342860389450175,21.834381725165727,4.378297204826735,0.2509329323927812,0.2906429693065311,79.41627088376096,3.607075156482533,2
1.0901790766733426,4.665565112076405,4.3464688862445175,16.692750521360953,36.01180547136842,2.6469941796226677,2.664311004393967,0.2974926699926682,20.246754209575002,4.762729566772805,0
2.1802998420560904,1.657838425636299,8.185134991349372,5.243005960092008,17.319859070574168,4.975539155080361,2.6017579725426048,0.29634807688058074,95.90439968714077,3.851124503860752,2
0.5742791262169422,4.579124823410442,6.1436842217006316,17.275706371693026,39.00202682605324,3.556272647920968,1.3856289302408262,0.7255682475599482,50.24027934801267,5.594081028404823,0
1.0932918050197418,5.545162603328205,4.784764745346305,5.602082886280498,38.74414359413488,0.8333370824470148,1.7990028465309724,0.22982604179253607,91.69787490185027,2.876904833924049,2
1.3456302671985518,1.8984155443512098,4.973914359250642,18.34870064544294,17.42894929214316,4.967744592568889,2.9306271641703048,0.0009058352460902253,70.67652818616311,5.374125188471488,1
1.6506379463379222,2.187716624619388,2.0108290057237452,19.87944120857965,20.441558664319615,2.3355240655108567,1.6436826551596821,0.7152368534826331,72.2433423022413,4.938914341036305,1
2.7695982687362464,5.856975470208198,4.398404220521887,9.411011932651668,36.86667222621655,1.7933114023046715,2.7254333022906603,0.17118474383512527,8.504362130607113,3.2614736878457458,1
0.7788908593384231,1.9048847635474488,7.171669933103444,8.154778344286905,38.99866662688322,3.010456326100485,0.34081239764954063,0.10448239530783465,21.999112689693067,3.8693504659190605,0
1.8483970906062794,5.271925466847896,9.793555550530858,16.48045045787061,23.30317308508132,1.8693841631938894,0.6540504192551803,0.23751612059406013,0.8814833294472635,6.284304430840533,0
2.1142095341309446,3.461389282240174,8.776486615871196,8.7953951138038,19.629911369226935,0.8890587820406854,1.3781893359798219,0.379900522322704,71.61276404767375,4.68284340412968,0
0.25793140324799224,2.2361553720158853,2.188759717164233,17.98343574758305,25.78282039754626,0.5064275438562953,1.7957947441781836,0.4759063274732007,34.443828842851,4.4518278166890735,0
2.1656524964648907,5.353749506362557,9.188484837398715,6.542638882362151,30.633076190972044,2.5231250881411804,2.467060770402121,0.04457004071263082,78.66525160763467,4.309982990657475,0
0.6797820205367912,3.2265262750133274,8.265587306389008,6.889327945690374,18.204235461249393,4.265885400019665,2.965960133915242,0.9705733326273605,33.893621993702624,4.153337313561358,2
0.3211754161499504,3.574086769648451,8.243008988567844,19.687273326509235,32.09419523857218,3.0754183353353444,1.2276693397749376,0.7160630534195581,81.93337522988611,6.799370098245771,1
3.326210826661333,2.7961668469988283,5.663966072028572,15.10758347405007,11.549720713439232,4.996432845245484,0.2375053448062463,0.32319406532433614,13.0698253748313,4.8245548056079475,0
3.383148912453502,3.9647542571746373,5.184042343636023,17.703308366434293,11.478834782932493,1.7908099054123998,2.423397359556442,0.31869725728539733,17.33731567575082,5.211625774861997,2
2.8485509835959677,1.8176193629251138,4.423325830665541,9.86494066027277,21.588631154366357,1.762047791420249,1.8527040853401435,0.4485425493684594,34.08765395839365,3.4919573530030896,1
1.1356868151894604,2.9554076832588034,2.525558871634926,15.147256242809066,20.604195761821618,1.2188725710527488,0.6757742907177848,0.626244822763033,40.84873888822733,4.034914091269579,2
0.4320851876217051,5.847061611676438,3.825882907949593,13.913627409628958,19.46899646101457,1.2382861471940083,1.5350025242021186,0.14637306658896776,34.87028108429784,4.064375810881357,1
2.4263922901413335,2.2906671635056375,3.972829079824197,14.047251801844205,24.7305928800673,1.7833396820452152,2.2526997120478005,0.18892981376495233,76.36470325232199,4.268179156826057,0
1.5965184787146445,4.283683322706461,5.872616557681613,15.237986893065823,19.62200746934714,4.067780203730872,2.334194182499067,0.8594345828335509,9.695139262671471,5.010354680272373,1
0.514929998472248,2.6259503211234745,7.979555252773552,13.630387596936478,15.767737554042757,4.575905557864015,1.5488933947964099,0.25625492388907256,35.12170196384881,5.276560185888722,1
1.7836014943783187,4.867365628433003,5.790478627183573,11.43593553953999,19.284086472658025,4.887892263684566,0.9851221373736915,0.38019499797517753,83.72399995154593,4.351541695512743,0
0.21692097179174255,1.6543683035917491,2.462755595577285,9.138840415708202,39.247128184307044,1.545303443434037,2.9238534879116314,0.871271850950117,6.679707726217199,2.7608882551835006,0
3.191689367067859,5.849105225392724,9.66231840790563,16.52871996369803,22.333402509845456,4.465838955263413,2.023751571773829,0.6631478293998225,94.23435076713574,6.619772133292667,0
0.9798519374400575,3.2689477069181962,9.541794552752897,8.394086450047793,23.34138330575007,1.9771479017480167,1.2838888061042664,0.34171187934168834,98.63168422720129,4.9055930843853695,0
2.3525757668035387,2.18025231673232,8.281516345187267,15.385314592316213,27.2963496985342,1.0077824503259798,0.913343350193492,0.6836995457246208,8.856817382508009,5.724828183311872,1
1.1598176587039972,1.3674837366500632,9.930623212513765,8.499992339739899,39.5002230524268,4.415112164840745,2.2201986507103304,0.01968321538141371,29.127252225573695,4.7705038314551125,1
1.8682312720045569,1.8487895254377036,6.355858662402103,14.379952549316808,17.24803829307289,3.3624753558962834,0.8023319922219263,0.7356426600113652,37.24006660353562,5.041596840396873,0
1.9588149497671508,3.598869742780088,9.702146802025648,16.206174006935434,30.438463315973014,1.2412890323647778,0.5979589680236956,0.4870160405162395,77.6391368652726,6.482199460693847,1
0.7285051487867918,2.6850158821564314,2.604840324934006,8.280708333598088,31.479540806251723,2.4342406588085117,1.6365182779900038,0.8131821472844613,59.59268121167338,2.779008237291732,1
3.3965877343994992,5.144416829413047,4.9254459860909705,5.8991495129196245,28.219732503791978,1.7926596269468045,0.9409634386680114,0.9546376520064683,64.43657004925673,3.04170093896028,0
2.7354515994277895,3.1544376183090295,3.8030501440541267,6.9646061449126115,12.657350189099322,3.8155755591958864,1.9238249202784836,0.9257885494945683,75.7509822818506,2.946246928943226,0
3.294296401318243,2.2435713629381495,3.5666646730741602,14.089954509065382,30.306168274827293,2.540373037809206,0.44202215713527715,0.9092650434553408,11.797899943702571,4.105237012257501,0
3.142412991454006,4.085724933020151,3.1264235911414087,17.741696093386032,11.922841331085264,4.951759752978733,1.9993292032452326,0.5121699559338871,83.32094569102624,4.838663124279485,0
2.1328599279576896,4.533886084427229,6.979309132527973,5.674952318531366,27.884279486496908,0.746352420168178,0.9215599311933363,0.36014211413893804,70.5619804180144,3.5124975675464962,0
3.2343723990785973,1.8352095395047492,8.250574845978441,16.012268885624692,32.187435316652284,2.0975686976131103,0.10070450986008693,0.46503532473067277,57.73417251963703,5.943835813423517,0
0.40087450697652627,1.8380960814415883,6.626387195362885,10.119779689250782,16.329096718598514,2.668550751994898,0.46811456725511147,0.6898960033133608,88.97353347830567,4.416771897556611,1
0.7663417322250936,1.1833571346677147,3.1757016767056774,12.177925548792839,35.24866022628322,2.7641009963674392,2.807484595721773,0.8839977768711867,70.03063538838072,3.7751870743096507,1
0.25377278229582945,4.682010075328202,8.488990159467768,18.932893247683484,10.910614165990127,1.9217112007353654,2.615328453434538,0.20698630300011955,20.16999626310254,6.43518294676636,0
1.2061231245950987,4.3190226381090255,7.087637657309828,9.979572571037682,35.314385909749184,3.781581120939056,0.7774661929050868,0.918193158461703,42.97453810756667,4.434768057415525,0
1.421502784944239,3.3731543787490694,5.105325649015964,11.98005400909229,23.80987151928295,4.4363618307003865,2.3572785231819244,0.8151802319698891,49.404286693573326,4.238857402997945,1
1.022586708031246,5.220852244845986,7.393042364288504,5.205236221410217,16.527638197949337,4.724236858900383,1.8648576202045253,0.9788560151782346,5.521762675040565,3.4712964446293633,2
2.9177075311165597,5.028350764750266,4.079239833942663,6.223980800072575,14.01334434981904,4.122920195597867,2.9156236632046215,0.8802517732816871,95.46375133600557,2.931009718861668,2
1.3129613107582037,3.9267718219837606,4.761537667953684,8.87887386702176,38.599215027471175,4.327610887879697,1.1834564126487714,0.27993732969190666,12.857726079687847,3.298796717967902,1
1.0551773329370946,5.341356402566293,9.33988674505592,5.417783612316116,12.179967627434701,2.9774538527899796,2.0762357762997965,0.10595591134404769,69.74612672267268,4.115952308416827,0
1.9451666827380447,2.0292060501838414,4.324036045371363,14.470629890723764,15.97280259807777,4.216497018920665,0.28425359502936387,0.11224107199158861,50.62310360908802,4.365654316981743,0
0.579142364914193,1.5595980969886394,5.759906145263493,11.395975352024337,20.43467042299138,1.865767591165785,1.2491173057675773,0.2912233185782761,2.5632249884422587,4.073101252664896,2
2.827469734563735,2.348748057584948,9.121129099168117,13.22217804092033,28.607045468833615,2.293154429491465,2.8950712174457234,0.6141837239845392,92.47474758643617,5.781035325490718,0
0.35347218851122075,1.2854342804465744,7.66177080214022,7.619707788444943,26.34403255828295,1.9261085621834493,1.6630445359053496,0.8043203260971725,85.18368088189332,4.238887906196169,2
3.455415584441759,3.65584764000516,2.497625809317622,9.43898044154924,13.76930477236942,2.6032430095156647,0.9348505596710492,0.8992503069815647,52.425792790383554,2.974211270872598,1
2.7256322156086354,5.683028461474807,3.1784243542317627,14.957367122790878,18.691839512146437,1.7851082730738637,0.44878579307295985,0.6237533843692328,22.894233613944525,4.138434108543384,1
0.7756333172161861,1.1967177033425482,2.0627327261753345,19.479540854455998,17.162553132580722,4.827251490145011,2.1402321865264384,0.0056313127480537295,12.162289068009425,4.55234111849744,0
0.11877519822024817,1.610549570050134,7.047374321833307,5.756251604033138,16.40628563471024,1.9078008260255066,1.9700825259462078,0.1863167765185335,36.33924794321266,3.411743716489964,1
2.8725688567464362,3.2609951414171765,5.581387403283347,18.35576481282899,22.33433009439961,0.9412004214992292,1.1844222694509465,0.09972620385336795,25.54282810460905,5.442142908635303,1
2.5033149690818983,5.669375087639525,3.0741988072182043,13.653218019668127,31.120943577749706,2.8706772472268605,2.8577299204109194,0.36332447556901004,50.66912010062987,3.877575501514778,0
2.578624371339357,2.5807805248837523,9.663472968454164,13.458793501334355,16.523587966517077,0.7569458530032936,0.16438815766476594,0.5013509936337459,96.6409296123429,5.980993578366897,0
2.7223191787322154,3.536174043441962,6.237277791564959,12.504178028116405,21.000366391089443,0.9974442483886123,0.9807991697322948,0.04339717857856085,57.49534932296414,4.553184426777373,2
0.3517518158959072,1.2078642952519605,3.9351463529031134,6.040911288562751,21.72752280523487,1.4872522513831083,2.771101510268786,0.3484779757956553,88.99310558900979,2.7254010755096445,1
1.318783477050527,1.7417160048104443,6.00482856923766,6.34815277604241,39.293695883062306,2.5895761244696374,1.030712771126377,0.17917967462532258,65.08788374957773,3.302178712153578,1
0.493954802385441,5.933150614794235,7.436962661880862,14.01368008488629,38.63999070637207,2.4496291953906253,0.831533218179994,0.6470701662588739,47.52465265872004,5.305812806769451,0
3.034551647977018,5.825593482180228,2.609913743788516,10.114378571533376,34.00412748256228,4.09861337901256,1.6492391888006173,0.46427236932434,85.46075627333713,3.1550865801281094,1
2.2192136312136967,1.024699904672048,4.197630520383136,18.75902099866521,17.249767624575554,3.8276359424785102,2.4890250747695597,0.4953176469339088,47.13681101729975,5.251567318286663,1
1.2250532844990072,5.759058927116195,8.455723927071949,11.098858060392084,12.041119422750091,2.418432322958156,0.39912560654724705,0.4276917880334611,86.8628170510361,5.102615598959802,1
0.3160983909724804,4.195599689077502,5.67731896322129,7.149221880539616,19.507124131618742,2.0016689340903344,2.834760057972635,0.956019710486567,29.157676957576527,3.411717038044353,1
1.1573398938332515,5.339591472600111,6.372617136258359,15.72078250253054,18.003836483014926,1.9241095282767438,2.4057113554253755,0.21473512512156323,12.881307376298812,5.137532588536825,1
1.20562329489094,3.2736992781692953,5.462528017675754,9.400301321615148,25.177774004391814,3.9829778928230404,0.6256257410995006,0.5166642598438743,85.53144643629383,3.8787458609034124,1
2.580661006349418,3.5779801428962514,2.351199541144041,12.882054610338397,33.33183730203379,0.7343258279957139,2.1648230874746717,0.7360173683653359,58.74151637926668,3.605198807221759,0
2.2676954026077247,3.444232901284601,3.3259982385612474,15.46749178257755,35.74968816636574,0.5576974227977263,1.2163802956489158,0.5568444131345626,88.90923982489602,4.469394430185486,2
3.1165233247595103,4.334321287730521,5.564333109935127,18.503961668031057,35.34592256231525,4.079949763669916,1.2666545664213242,0.9290208857168011,93.78272069923833,5.837244605827825,1
1.7055307455506277,1.6982562737815645,3.6734837232634225,16.88286792202514,20.790266836692034,2.6471586919507217,2.3715412680727126,0.37796835564128417,5.3628390371449175,4.570300889623746,0
0.5066204361902258,1.1498679493633897,2.39983222927743,15.145416018090861,30.61703030382049,1.088965123491092,2.8920759431441234,0.463675805773178,50.09693018588683,3.992058824113698,1
2.525032276558183,2.5396497079559546,8.74919731241459,15.194497735927154,19.3850259257266,1.5600467056752556,0.4673020312568624,0.08852231521472842,37.49645490745293,5.793852568675113,2
2.6866691652974515,4.523403813683234,9.849540233312926,19.1888696604813,11.82716629705548,4.696267788938221,1.3198276869485763,0.6089991110519285,62.585839707011715,7.1021933434215585,0
2.008342471736287,2.0092672606147417,8.345142991973916,9.437361462448042,31.046957968088268,4.3677633903120405,1.4947306634444804,0.28821196844810604,79.35911972023236,4.686734942932101,0
2.7212884118455074,4.367162166624587,8.830279373637335,5.016681412942811,10.294826577093636,3.6940327260078765,1.191304269169493,0.16030903951556885,28.059021597436896,3.7686589673751874,1
1.7789050276389287,5.849560230536352,3.935817042536363,9.079318390972979,22.275477623754657,2.6700135365179696,1.1532484587770526,0.5445312929045081,55.679838437317166,3.272554564848358,0
1.87729161989878,1.469503578947092,9.685015804105598,8.26837069440116,19.881378079062273,2.841456317861236,0.25157913592862996,0.5323102633799106,70.87285799048996,4.878259506759363,2
1.5536394624190688,4.363010591125631,3.575405635627427,14.927518776709972,30.801326155565572,4.888600408777814,2.0880619996316074,0.07587164122404755,13.443108283573402,4.1136290991257525,0
0.18642503092992363,3.2187510965228556,9.611438482894659,14.505673996482935,32.98736418281137,4.845966997479292,1.3650218096481317,0.6982154534944728,81.40669059512669,6.168429506649258,2
0.46683085177723516,5.3407112718875265,9.958554351727608,13.901920740570857,19.122839079138515,1.4687107060362543,0.6649020276673876,0.6237721906508529,60.610959985297306,6.074537771718516,0
0.20685923133489648,1.8857489472369295,7.69378244596839,5.243651648141806,34.348810433345605,4.149970548373932,2.4664971566759983,0.1890172827464972,94.95374371136518,3.6795297511022733,0
2.2637953982968533,4.463129761130823,9.849149854334575,15.931670816759713,18.81750281514801,1.3875919977515756,2.427426169639721,0.46943486215404384,33.95289191306933,6.336824767822332,2
1.1688103356595108,5.190576448240551,6.556318236536829,9.852956187282373,23.389790799596838,1.4609186504777814,1.5105357214577921,0.72032291647856,10.814594233719866,4.113995074414396,1
1.8291403499599894,5.723071097370116,4.076334265408723,14.975839835099466,31.810555810424017,3.5424186537405955,0.9655069173285055,0.5294357405412765,50.65012010369253,4.475905755061842,0
3.1857260113487165,4.416240141448229,5.495967085324967,13.3486764275323,30.787606876743656,2.3225049436439678,1.950468904809712,0.3954890761835702,8.581077170943885,4.423366457853495,0
0.9475935791061748,3.4858738200421366,6.748487483030288,10.140963881418607,39.621054169366005,4.691949831979341,0.9356411937544689,0.32233845808094364,96.95265233240067,4.408064669806199,1
1.4953019383211412,4.089236201006069,2.58465249621612,7.018644006561616,16.754830726477955,0.9005438070320397,0.7844229979387649,0.6103938666440536,3.8684958257191537,2.3128088109831277,1
2.6688738710463653,5.344524922393591,6.978746116937969,6.416283464907214,29.869537406187472,2.8018653836427188,2.2184924966763475,0.9391086983102406,75.3503901107308,3.7907534380570738,2
0.8779137626715163,3.8530487331941483,9.849422694098356,17.472774996683356,28.29045724827332,4.633346886994046,0.21694319519075705,0.6717448404774834,52.510239814224406,6.7412614951043475,2
0.3617316934178961,1.1519352984841844,3.520861198269821,18.77596313122337,37.4529536347009,4.568511472157773,0.37482856600032244,0.0747459036363155,36.862065249828866,4.93698636220237,1
1.0851549399068112,5.654743477534889,8.340760930307066,14.746820701464493,14.690864249346252,1.2043814603708354,0.11968570466841036,0.4606849734821338,6.5842164508654655,5.563482063434042,1
0.648152376663615,4.447633755157806,9.263190350236954,6.55151172290725,32.553944907607985,2.149869650434054,0.5435352407787358,0.8908241315106276,62.216692417360775,4.454074353206743,1
3.2609720179647486,4.382566928886233,9.549612742561767,11.03040825332361,27.04805848806305,3.286046300210133,0.30007102526033247,0.09446242580108688,58.522032939095524,5.2654240574107565,1
2.8476092905190176,2.078375761988586,9.681084835243578,15.934088001577358,18.23997609363716,1.2172769814713098,2.9878268665617638,0.9888757121375433,28.088327306759975,6.373183175236334,0
2.2535727721354397,4.294427351163286,6.1716771097717755,16.69731326015102,24.233047424415222,4.856099774205824,0.9375489128668597,0.9490693936454213,91.02217014103121,5.653846174113914,0
3.06296600663824,2.9693220282707924,9.81846326393203,6.773279334366329,20.013297912093932,4.616371979274471,0.5328772367408171,0.07827448072987586,30.41100073428369,4.407082744401701,0
2.832485061456989,4.25616488520746,8.058481657075511,5.000460782680737,27.379402083653826,1.2512758056551112,0.798889148188162,0.9334133204495549,44.97254105921061,3.7392369409263435,0
0.7343382002125218,1.5329651515399536,3.293371489895695,15.682055688209076,36.67001832443998,1.0451995756744343,2.8147641574663904,0.3631325902594622,54.37624559186557,4.360177839438013,0
3.1347005948659246,4.289226523015181,5.81520085174376,10.348942639793083,27.07914953236606,0.8843381726371938,1.6084646467707475,0.8447091670758625,10.02318781762861,4.013360180349803,1
1.9337636225132124,5.997068628853333,7.746649402976032,8.817219974273904,28.95167254979752,4.59249648816484,1.157972479292785,0.4183833377132715,93.21617192136323,4.4507639990543355,2
2.845296527557813,1.2410601943027801,3.9787225265526667,5.193462046842882,25.562435413441285,1.3713071440795734,2.632835227936736,0.44085511270251587,37.45361524510411,2.432841035610192,1
3.146710419739877,5.885870921106586,7.124921468391099,13.104491101422495,11.534965193364277,2.373282178449596,1.245471784592194,0.6342430909775426,8.077921387434362,4.909457043159641,0
1.1812118149043371,3.034539803614353,7.332803832372954,17.767261031389726,16.985756706282828,2.5198311454340137,1.0715248528773178,0.7744774192759833,38.72911736753299,6.024376191947627,0
0.474176543394101,5.353767251686296,3.301597950468527,19.36447469408882,24.760051882962482,3.195549698961054,0.7011193153942331,0.033789150948248636,60.02025470925807,5.050192918275746,1
0.8749795526426016,4.911927420291367,6.52068249962205,13.486174259199338,19.307058512341143,0.8228090468634124,1.1956107893372934,0.5931559955271343,51.36526718213295,4.926166602378308,0
1.5521664813292715,3.8350813049333388,8.17301528782886,12.716919916098412,15.452907932835826,1.5204137783023217,1.0183846324490855,0.18673299409737099,69.4541974037274,5.240997760598997,1
2.8812502041364767,4.692246046256633,5.991165316287535,6.2758457823386165,25.12398525755315,4.691706741135167,2.0641814819646087,0.34594951786320294,5.5483942067910625,3.1383538375469975,2
3.0264839830715675,5.39257780650674,2.0968249342088594,13.233092023138996,19.68429380343551,4.587845482708563,0.9397898435451085,0.3479686661552165,28.45406102720561,3.430621801203117,0
0.1236372438060484,3.0207016082551648,2.0723077526343374,10.69968618448092,17.74322929520244,4.015807913325615,1.7738792646254282,0.4690603402211536,81.92305768401023,3.1012108037827466,0
1.8365408287637235,2.6351658078161933,4.8562347517600974,14.107029213253654,23.919562523211425,0.5873056052819694,0.2910872785927209,0.3341364118761734,7.989368779136086,4.3690716568914025,1
1.5191974107058486,4.337966927817924,9.409552547454256,10.8308952181482,13.998527742465194,1.9715304582324595,0.6547385544198916,0.10736111845066776,85.54859546959575,5.267162817964837,2
0.8551665556004828,5.039229709706293,3.82941423682887,8.604486851755501,37.83237199226222,3.325814309043085,1.2814752876729114,0.14562873852545144,9.189609207710625,2.9264162167279832,2
0.5075422489345215,4.811425673883079,7.074909510973497,6.424479128425648,36.031062937577175,1.7383559529806405,2.8171528363352167,0.03343798556109767,83.44542148916962,3.664392540556907,2
1.2478915827723351,4.989068244293172,3.7766069655465646,9.723776668833436,31.22861757221606,4.593140127741998,1.1940307585755168,0.4702490853287543,36.078840107872665,3.2800237608200256,0
3.305892993302565,3.177916574064665,4.573359917276389,6.449672514316284,13.186414827653685,3.3525025782459883,2.0258149514795187,0.9544476948529885,61.22090632572158,3.0364947359939363,2
1.1988899688705679,5.089171080875108,8.784336716811872,7.653454262359759,33.27631763409079,0.8235802279240052,0.8397529450220546,0.11567522364811655,15.288711564799817,4.234993046939537,0
1.8638881139274448,1.6010452768530423,7.830891538159575,19.81004237869319,34.23871984327057,4.590525149760664,0.46839737032237205,0.946264493003082,6.616872172518084,6.520379452304682,0
2.490264460243605,3.722445489804248,2.763194218505685,11.66155335359928,33.03293853143013,4.809949961793001,0.26975614023214534,0.7333615147320935,21.59382040201351,3.3727227004240206,2
1.3363406480895996,1.028793302490608,5.429616167891469,12.978076497575248,13.418976613577236,0.8497058827627647,0.9856991457739789,0.6374988029341632,12.785381790869554,4.390356055841932,2
3.4040590812512663,2.6229291495013514,2.2333581091621157,18.10427793105823,29.317238712032943,2.895621056875917,0.5572169777110331,0.6452777553235629,31.24058976796318,4.513640339328883,0
3.3723208028031784,2.8323076743569895,5.847121172824072,19.933533507360316,35.02974387248196,1.865139269963767,0.6046302992467602,0.8267276483962821,51.43832465110202,6.060503556951847,0
0.9560598058062381,2.9808634580462767,7.299472093608545,13.740716740170223,27.32060203659003,2.2677758441663105,2.306201994322155,0.10691986437982137,58.875946356500954,5.135996788062075,0
1.7906449200341106,4.477336033449311,2.9480209887852125,17.187107315662573,29.39222125684267,1.3084304807990386,0.14593040574013522,0.5047543235655417,78.9868107379743,4.65973905669511,0
1.122986253377017,2.9427905063517286,4.311079511273325,9.904115365050128,23.750904382789187,3.1013244590558564,1.71764936463276,0.6970911382607585,65.62398932483586,3.6104371220186824,0
1.0684576808833899,3.2434681131126535,5.182693004017255,9.586159361709367,25.86121959652158,4.810907089620008,1.200438003721048,0.5868204450735637,60.8758325129553,3.7720313601006286,2
0.22541562100541152,2.1877206543716374,9.356248197248398,11.040555814918402,11.031305750551756,2.7638267012222406,1.568994999734787,0.8327790710232946,41.17820274857746,5.305076044608591,1
2.172518735531649,2.8662589581467004,9.946040123383712,15.087608940104737,29.16889065919854,0.8731156162751652,1.7322076879223485,0.07227170901135149,47.38084349601387,6.157930697326374,2
1.809108678978129,2.1363481363157573,2.359290391964927,15.232875338826481,12.443416386734775,3.290006000648338,1.0087663139261067,0.690701039499166,41.45208293901811,4.016858642071662,2
0.2750277542499638,1.3659796188422182,8.088063387963135,9.728591519741762,23.050437830206704,2.0310034750306567,0.9558156945344273,0.5340277303847177,84.21660300613831,4.731592675432651,1
1.047397978404479,4.01724296690689,4.973792531218746,6.9981488620494305,18.779652930022234,4.35166335316084,2.2268653630712265,0.3791608639799434,23.000045254839986,3.036599840336019,2
3.1881040122866224,4.341063992775082,5.13966548983584,14.485943846982629,26.36283850635139,2.456051667424116,2.626703265551356,0.34027498223403085,0.5720931541964625,4.5088596922566735,1
0.9145104282677062,4.097451730048073,8.03411978677618,6.924887932831467,14.002490065696213,1.3677782402401053,0.6584867341297308,0.6208326327741929,65.13198972262393,4.114776018321858,0
0.5926425651101586,3.3174702190028618,9.347411457163268,13.677387623439952,30.749302059199547,1.3599753021101524,0.38309440555193197,0.8909953746442648,20.246218363883138,5.778638691857473,1
1.7641393849437144,2.898928900896149,9.607428756020386,15.401331920844635,33.85034610785411,3.959438813245222,2.7036078385368754,0.49617592610111527,89.01151363098093,6.32876473708821,1
3.4512115439760422,5.316668247859126,6.616980688306566,15.509172445916775,14.900633492294695,1.6951441923831196,1.114696844577456,0.8247231640769201,85.9046329706656,5.509587227402707,2
0.9229879231391014,3.5954089256810904,4.8569692744040225,16.30208165989395,13.129392620556466,3.9525502737165032,1.698820432922161,0.4021563818439675,7.672737192820589,4.820956602247253,2
2.385260861179987,3.395909388148655,8.300392686870234,18.09289132348497,14.365464483620775,1.4264928984496972,1.14267511910801,0.10239446279317654,10.638840541407735,6.161091484940924,1
2.68950669211764,1.1282103290321785,4.008011066098402,12.499384879471826,36.31382685695505,1.9475886591558922,0.4648267754035488,0.06150573645863855,49.51715922466663,3.8631329206896132,2
0.9079676495741589,2.7062391381307815,6.512592230668142,15.953737842943568,25.845677852690685,2.5946913759786474,1.8090617703484113,0.051334371323677574,60.92226627693547,5.337558910884699,0
2.5759355852803227,2.900978093929285,4.868627692198985,14.287591030487551,24.01782988022508,4.744381323620528,1.622908470131926,0.38015014195766994,27.490833748224077,4.476609043393412,2
1.350462651245461,2.9941139044845024,7.253048589663009,7.799599096965238,13.201354573070628,4.692791411392211,0.6886813216544719,0.33723775083584207,71.67977166993707,4.018321261468929,0
2.2498398240181703,3.9008618461366615,3.923191303148055,5.385344673041122,29.486680202708854,1.4309234394002952,1.4104202294916057,0.7179370236225695,59.49160209188715,2.5760885365528163,0
2.254001016587042,3.6680127336343924,3.532743565878606,9.268120785154007,36.039987756852696,2.1119856855938277,2.411147761645373,0.7428215015848658,32.48241097485547,3.159458760035923,0
1.9216339258541788,4.039525463967223,9.345912693403497,11.645505595064291,34.84557607970359,1.1722972480419753,1.812235699012885,0.05085396883373983,2.5371488042315593,5.15065716721335,1
0.40698521818498823,4.824416307710641,2.814429463596295,14.256589166429844,28.78164126942404,2.7949328569107372,0.3810602484942851,0.22112326288901496,75.01502812985177,3.964916409332216,0
2.9400284850034093,5.064928693580468,6.047663261879453,17.749389957548082,12.258361499550208,2.5726214781259995,1.6892623419644917,0.2742618501588997,21.475366582508272,5.483455439852757,2
1.1906522209039019,4.590615381132472,3.7668222637040714,7.9436857505924845,13.371910815280389,4.553420731028296,2.137941067939802,0.5476119841428094,83.44737434626283,3.0786483490970684,0
0.7341629353595044,5.777618479774674,2.3114397066053396,6.883246848477157,11.47926961329474,4.685024200059827,2.398839876764179,0.14451522390695026,42.02902600542552,2.2250714044747,2
0.23863548128619733,1.0911629133818082,2.288150546331411,19.452199212114913,17.724376494774077,2.226053259532814,1.9244409780393736,0.13394121940000037,57.707744263176544,4.776796482991936,1
2.109036006840022,1.9788899284177304,3.4017741768466188,6.620668390646107,14.069844014811332,2.7128207435854526,0.5427086771682729,0.943788889207958,87.29487304090019,2.795308328147499,0
2.4037188302637604,1.0378143748907105,8.934162836048003,12.177366051607837,17.801441207573017,4.533063121157599,2.159502473111466,0.804202907297781,86.36230009199534,5.535649542871512,0
0.15639861835471092,4.2373735707730145,4.259829951816213,13.783455931899528,21.55174167156885,4.130185134852777,2.0642913536363974,0.1806549020911703,37.15195752435733,4.182227024916076,1
1.8411163982175553,5.490152744749935,9.603673364602365,13.120616313611574,38.28948352213407,0.5164534010509217,0.17083796052783634,0.40656780790549096,20.888889271484313,5.6492055014985745,1
0.870085635672989,2.2174114828814964,6.652978343913548,6.290482355494148,28.31128179345076,1.9402680388261213,1.2940682360117053,0.35562199925756555,77.51460777285946,3.5576581974429855,1
2.2935874873921294,5.635172723981533,5.492913518150129,5.855403710054291,35.049213570488874,2.3979840887125663,1.0655557161908826,0.7910040740654073,43.30802036021312,3.1070796733496175,0
0.6928458586169709,1.3013369514478041,6.640710677355637,6.582251411915535,31.31054502136997,1.5337232765745428,2.041294986335566,0.5102129164781221,19.204199355900407,3.4683186669531234,1
2.449188309548384,5.672180134027571,6.133587081810142,13.783815258089188,13.375093915798953,1.3980722715317244,0.72679385570167,0.12784973699346702,90.44253423171502,4.893736726254719,2
1.4149001774218273,2.758113436198172,8.0702100300586,13.165173314514817,32.07761219121846,0.6700302796805585,1.8135285766253497,0.7389920631562439,19.810419424108737,5.261327342824119,0
3.2848819617048974,1.5071041422460825,4.259968527782818,8.506111880551163,18.252966446773733,3.3951637628139224,2.7482972892611,0.39688797822491895,2.580716819123108,3.066332680547431,1
0.567571210096377,3.4293587959316283,4.824403132802419,14.566612127683873,29.17323540984119,1.6812963071742455,2.4136268794049625,0.26292424763214706,2.0279973767419968,4.419312207034156,0
1.2596255935708789,2.2838828386025396,9.152754420266007,17.30101253083474,20.228859209289656,0.7355623029409089,2.772227435027938,0.37549862202072015,62.231535645426426,6.467823163587172,2
0.4858099722180028,2.4243645098096143,9.571652105203244,5.623684397698907,39.930167897939775,1.5394068973762864,2.937667304104801,0.49775656360689635,66.16750607175304,4.294286342037394,2
3.2439583021471137,2.5364498246314326,9.140465819891796,12.471949153220637,17.906544384903334,4.108612787762569,0.13094336831787204,0.34311551641700944,31.10417050569839,5.398465191412163,0
3.0829538014953353,5.015129489163317,5.355583951658509,15.339656181540354,18.37391412322809,4.331701317409459,1.905949701494685,0.24190577259175783,32.00109892470634,4.818990873098095,0
0.977001534231529,3.695806383376272,8.242924024055053,8.784678906045306,37.92016766687195,2.673798103369862,1.2972342535008288,0.39850202880398033,33.94939150599428,4.411361568704356,0
2.343945756516209,2.556538495780018,5.81068586640879,9.616563579397237,10.73933213908968,2.372318016839088,2.593578021971853,0.019172910749898242,68.01585467588787,3.8744006219797282,1
2.878555480684134,4.051668916554592,5.9803188171688175,14.204568544840757,30.900669636195907,4.9003416207580175,0.8302626358264819,0.7724978460963139,5.813379102682859,4.806949060646108,1
1.9876827594381719,4.580753371115968,3.6374408724582716,18.46902940165605,31.759791722076343,1.4025409681463146,2.944985518433721,0.1709448935675858,92.91163526913256,5.097962026589607,2
1.9008119664104222,2.3631200036676687,6.729042426068132,17.14886630454349,35.09135732231198,1.4691167728457382,1.879753111676867,0.043904613630637246,22.252104417744643,5.524023224708499,1
0.9222977890615357,3.0677455076267575,3.4890871820267835,13.746953286493753,39.23317931915426,1.8134022966637988,2.40125846646361,0.6536986929050792,99.96732052420923,4.22675851206043,0
0.41654941054005734,1.6094304666847377,4.65251759253755,15.953325766358738,39.26805757469957,1.277407932264893,0.3482387031860281,0.7739361288236722,17.1522693787187,4.792664464933903,2
3.150533577041311,1.9057467476734016,8.840241612959481,10.47233705311698,11.958302726993917,2.2071451919188396,0.6320278658007086,0.8138291315928432,77.15464573123775,5.1407696580235225,1
3.1614213943553238,4.4055892698249135,3.6566064736868418,14.614482921481367,34.655179682587075,4.5987540214538924,2.2993706517991894,0.49350918266059995,22.341254492962502,4.185604126413334,1
2.252544954729111,1.9071917384781347,2.5692662813874625,11.992723866913355,29.38929800972144,3.2690652828285844,0.16376091391403846,0.2053681846899853,8.084680164325398,3.2346523352298826,0
1.2527012895655825,3.6258169183353006,2.5520607409025304,7.8490420468634134,29.420264031192737,2.3537594687551864,2.46894615909197,0.7372276772498267,87.49333243506489,2.7453521643986023,0
1.287312553683047,4.545231308612164,9.526276164024864,15.526074108158857,13.850497798440845,4.704848575570466,0.14045215420654322,0.6997130771543372,85.87512591908919,6.3606656640273656,2
2.568249308158814,1.5343846154737193,6.055363503694677,13.34696956023233,29.5056149933696,0.7180890461412004,2.0056446332776927,0.24627073410317324,40.357039244960134,4.656328227710383,1
3.150174883838762,3.836561098144518,5.275296574536147,10.37932372930387,39.47447741803744,1.4462428005583763,1.158772368672237,0.903407755862793,70.23961425404268,4.0498541121563045,0
3.1160938425013986,2.282813918506819,8.487028648063347,18.67008785117946,37.354557086183405,3.0464987229579155,1.8733350728856775,0.104371458082829,55.706593268391714,6.468120236076637,1
2.7515768559159213,5.814634376187899,8.686607423284128,5.314011767400999,23.173919824145514,3.269986804369306,2.11849108026843,0.9826882395913257,85.29561136737487,4.1212090624858275,2
2.2829075969245785,3.4177282335996235,4.657528264924837,9.73659726874244,11.19843919858283,0.6780087795317591,1.093178135640282,0.8602478109774646,31.505596931865444,3.6111442862170278,0
0.38607588098316603,5.029962748875791,7.548944459790362,5.853220966664699,20.868804700006145,2.3136744105820948,0.4130910995214231,0.6878986454790752,52.367239999898516,3.7300089803655587,1
0.6495376279216868,3.7511327107813086,8.168982526815093,16.497909743324406,34.79170934801665,3.4211928417389275,0.3019730164699704,0.9387498882798329,48.537237120455046,6.083638395726741,2
3.1550842409920694,1.2170626642740958,7.237205494927636,15.531611811706888,31.044973043954982,3.6413174588153074,1.8079144654313888,0.7223111683237078,35.39058262568587,5.528117992361468,0
2.161858802842606,4.165756877970112,3.212760598400795,9.970283281044756,23.780309667818692,3.371629561323212,1.6099005258289234,0.19045699703004593,89.14550645563722,3.2634127545021108,1
0.1312699754965408,5.757016711033285,9.007064668136456,15.134943533106096,11.653046054764932,1.9425345096241604,2.2523829264512845,0.44215613811281174,16.587792466253546,5.86730271208348,1
0.4450032457445091,4.008059100731656,6.31275642188807,10.939058392939248,22.806841834699078,0.9208405561905928,1.5782329790114178,0.07150302433163536,14.950863952069614,4.140791801876807,1
2.3559060149673896,5.095944297133951,4.2597794109600295,16.343806871336515,24.070748191536506,2.4220060088870037,1.3250927910895496,0.3896574222881154,57.69095353227514,4.79769954260976,0
0.11720938507714354,5.421032316742039,5.401825483501551,11.812754941050592,37.85666598682408,1.0793949681562496,1.2544528168850695,0.7416030197372087,65.7494229984942,4.328667506203508,0
0.6467473748194954,2.1403988597446624,2.300568723191259,11.184195917474984,29.232583107464784,4.764306463343002,0.17669601753323566,0.3864433509308174,19.461925432456518,3.0626842469359077,1
1.9656948838463928,2.0602241995411332,3.0229344097793405,19.020948732324513,19.34958749963947,2.638268897101827,1.0731158849203057,0.3302941754681341,39.07174422546241,4.894344137168719,0
2.452443672155157,4.054904944254959,8.124374004126887,8.763186498360504,25.75954793352164,1.927666284605904,2.9304584568210332,0.5953557225103119,94.65638429787437,4.592989798305853,1
2.316668282308842,3.0551423490335234,2.000093078042929,6.806710099948481,11.981659234664802,3.9483683200350503,2.6333111710585575,0.872204528998895,24.6617422690674,2.2097960760095563,0
0.8625156521659032,5.1993065143336015,5.332526627858337,13.768146698891872,39.177047069492104,2.7407686666201876,1.0551963943992313,0.04758319254611243,66.83607021173941,4.563412177280316,0
2.521409352581622,5.500115616990056,6.1800814486847075,19.539827184262684,20.80179705792178,1.8951531080560253,1.8046066746924794,0.3854704346997354,74.01493936975908,6.061128776507174,2
0.9066468974891202,2.7671068965135905,2.4370753600077784,10.6675882059078,24.336020647394072,4.153854840758608,2.5571605620529323,0.1582407418152627,44.81286994651595,3.0307270073864943,1
1.2063589737415104,2.18435279487241,9.784625303778663,5.930551454431723,20.65851922710768,4.402184679505049,1.3796955765751993,0.6953542507318696,93.7525986759583,4.541826528194192,2
2.638070777401282,4.9026275762193094,3.8090026499973755,10.089579009643511,30.475351903486004,3.5285367482990466,0.1520778048754378,0.10572456043113487,73.66567352187904,3.4027585295797795,0
2.30875185676053,2.3740301777406803,4.433589757090247,12.588974814793376,29.866964749887792,0.7113399008345028,0.3160803392740562,0.6648077585802445,45.79245798608979,4.118210815760068,1
2.987359595680205,5.113071592568392,4.431540098040219,7.428845099483206,31.45966931587407,3.0484529607493944,1.5801388919112491,0.2861808707979073,56.933520177609395,3.043267784001116,0
2.3358838338211676,3.118691268243814,3.843333296938799,14.871533270847381,18.044296888357625,3.934827103987767,2.911374189460047,0.1989168137372247,69.26134434251007,4.374874039026092,2
2.0322492513406036,4.337749496457352,2.0117905766904913,19.96624083515301,19.47005443492198,1.11426355437612,2.1103076724347165,0.9363525578249854,59.219018042921824,4.961712905731512,2
0.4184942106155144,1.477676569173341,7.834758352703971,11.776092139721658,13.75753693288624,1.5290183812307152,0.30565695517185165,0.018524576745955867,87.86975838260759,4.972960124252537,0
1.350233730402074,4.119296623382866,9.734763998394282,10.320928350953189,29.665299155383376,4.471227972806614,0.649146539796402,0.43777727188956894,35.68886622804012,5.179236922770957,2
1.0016880501178664,3.258838393686146,3.7943478662803605,11.010562502517,11.193913820069577,0.5905477483388332,2.336837115328865,0.02162699246179378,29.988574005580492,3.4347079808966083,0
0.9295647874888842,3.9330423158773704,7.304377534427379,6.727192675928017,27.930470065703773,3.887272120216892,2.54017530387311,0.483593048104329,21.38388894952643,3.6976220719832624,1
3.408235886158315,1.840071038724317,7.935170615669721,18.249104021393357,36.090876545549015,2.631979816314903,1.8913142999469135,0.5010473777944182,3.7782968064595135,6.14191635495785,2
1.4365322638669855,4.68436872472091,8.787403032724198,11.222384832820278,36.72496444868901,2.5104747147782307,1.9688271919264682,0.321662471394747,4.301396438005534,4.957934559974281,2
3.132958287602185,5.3139853877161425,5.381033576108873,10.809116171372619,23.47113281109885,0.5319343962269922,0.18217860611181547,0.13216177752502367,87.00551931092828,4.063582220544975,2
2.245871328390694,2.083699000453878,4.423447245123434,14.895354093957115,23.779110646392212,4.1872920393492175,2.502737752786375,0.3763875377344753,67.83931464059073,4.584900443797121,0
2.8023584320416046,1.4785727776008086,4.602361072184249,11.630501313966853,12.30907549024052,2.1192120528645493,2.385998103695406,0.672262939932566,66.05324154364861,4.039420897066105,0
1.8089661165576532,1.118192930231682,7.700970664788103,14.723502032117691,30.122950763291072,2.933445340852443,0.8512019178997067,0.7823958086444591,61.464281893488604,5.5958636132693265,0
2.061473207729621,4.20985750221633,8.534235732045088,5.921694351961813,34.637782611185365,3.5478530885104673,2.15516248789997,0.5307506023881423,84.92191446941048,4.105525453891749,1
1.7745601589841373,4.0354701804439035,3.4529117420528213,17.20585015583341,17.33965163814139,3.661833093970621,0.7230783586324945,0.5898343944397556,48.026692566562744,4.7390905103701675,2
0.7638261585133512,3.73348706357035,4.967528065262122,19.107559293191038,22.639026449000937,4.801910264717325,0.21695746704938768,0.2006163711246527,87.04108285583003,5.613016801009264,0
2.556337191889118,2.159735480579877,9.2155215739932,14.731480792390789,35.16518010295811,2.8910297895647408,0.683295973512094,0.28733033322764945,35.944502618223915,5.8762522051763195,1
1.0546260322989096,2.9545299795275732,8.453548157557915,19.31848893288216,36.313614029868646,2.2987379793849243,0.6180237425874685,0.16189561005235842,92.67075043390905,6.710153607156006,0
0.18267428586694306,3.9723816759308654,9.878867222099807,7.27148471554945,17.29539940792678,4.791666319212686,1.079469190531057,0.24929535000461134,69.86569800812401,4.677413273765126,0
2.2946058060843706,3.483834294295847,8.033986077456646,12.161242842205304,26.517119036240928,3.389496057614845,1.3135035418088286,0.22488678022553177,25.71771360244273,4.964574888530489,1
0.7021763099839664,5.938927601074436,5.145561608223378,14.02710100918171,15.774794519074812,1.8416766032445002,1.574762785343353,0.5194487863912376,56.40849216886251,4.622203918088191,1
3.2975591867999086,1.6821987627836656,6.725102671957102,13.7260497113178,13.056362924186697,1.0690891043160702,1.4825862389741518,0.5626887557907294,53.303056148825554,5.035187663455314,2
3.343357161808797,4.475722770237969,7.288114033978562,11.021926686335648,37.333615041758726,4.291495256593316,0.8849563572993391,0.9449474208215045,13.789882173033396,4.621178678144099,0
3.210538926749525,3.0215938405214606,2.6276465305369916,10.071266140493922,34.615225126963274,2.1298172125736823,0.18459493886481596,0.19557064710152305,59.12429057506141,3.019034188405371,2
1.358539580868511,3.1409980746280737,6.355975672830921,6.9023603382562815,32.80104705409522,3.4721137461399403,1.854794704487737,0.6416757101614959,31.478562371695794,3.5100355986479186,0
0.15255249619814926,4.587988828290881,7.674566627780877,10.876136758434173,11.462989564394213,2.6186738871465414,1.2476600065573278,0.8172592689875229,5.234876680960243,4.656753823861483,0
3.256283112798266,4.462180756621848,3.338570432008483,7.439912226582277,35.31186378130772,1.3951840090776726,0.9661492564238942,0.5602414637830525,94.86561577065649,2.8861987149875805,1
1.5558261042788688,5.956279968510941,8.245053739404458,16.015485147383274,23.141322277161514,3.207589738792093,2.6141290242084856,0.2550036525010757,64.14903690642878,5.920060992517494,2
3.3866263847484763,1.6419714472706262,6.670182244112893,8.132464032418849,20.271853698875788,0.7730738102780704,2.2655555926146635,0.2625502300200002,87.6918931870847,3.9431332052828916,0
3.3763079221034595,1.5205482469208316,9.617774285580758,5.878479579268008,26.394290830761292,2.3600410694203653,2.5875200902800826,0.03925305307099991,67.60560050132531,4.2716956136460045,0
3.000232148589024,4.621694085643705,2.3393783856551336,13.285492067258515,12.740597281706675,2.9597672284865197,1.5354501046661369,0.3054442265484817,35.698369214011294,3.527095882099973,1
1.1011262330365914,3.8919345850320455,4.122609100443736,13.928445990791024,32.69939648057196,2.4622113835336057,0.4797006311676547,0.7446036790033801,51.268807232881144,4.325199085790645,0
1.409332277246546,2.370803332799029,6.8124310343985925,18.078695919207583,27.473052306648878,3.8690247886294586,2.11904216475169,0.04751775720711038,67.57467603471771,5.871696073706669,2
2.9938646831573137,1.397096844944933,4.372479297647446,13.654724186265227,15.597702906195025,4.2256622954539065,0.6976139618178081,0.21929528250483066,96.02523252014376,4.374623380608677,2
1.177534817531344,1.4282912479821528,7.715393312569938,10.182212805851686,15.646965993071369,3.970593833149301,1.3795660403659789,0.7062324985317819,25.366945912169648,4.568407892384183,0
0.6762753387327144,5.470954373320591,8.072042260175447,17.04517822289481,15.527459547180227,0.6746582651531094,0.2885022879517767,0.7826515628228766,87.49770586241176,6.2496717527834065,1
1.9931242923583905,1.9593366235937144,2.8201277125317956,13.104183397811315,11.710071626558019,1.3735794670068748,2.493394367026649,0.4553184100619284,92.40778052942694,3.8351620169224683,2
3.2829262321466555,2.6168578105776037,6.110835713654142,6.189204269467876,27.633953481150545,2.9147337916869844,0.46522785903775166,0.6980743384786489,67.04155146589565,3.4118310900832345,0
2.4665013086949084,2.13328201113494,6.071124444728447,13.487758404698699,35.21044532765524,4.706699181997106,2.7189827704429983,0.387952168654892,93.12666274013378,4.8758594363096535,1
2.038207978303841,2.7749815291596867,4.9542461617243285,18.620278181324935,10.524946419621658,4.257305487734525,2.6062687465585155,0.15991324502412751,39.78785874773685,5.361675710030322,0
0.43040007882061304,1.3471192137304668,9.463398900557376,10.944689382473308,11.470139349138206,4.291405287583108,1.4472900168738136,0.3981494935229065,95.30161760404428,5.3934922981785896,1
2.191024570777177,3.595298954541352,8.62005055898577,9.444887028497,27.183108300608374,1.864436871918537,2.258667792481573,0.5799678202031429,70.27828771659749,4.801821000585552,0
3.466183090354495,1.3380628179610745,7.577675055277094,7.152041855270301,34.58487056158157,2.4325155368541616,1.8963907140726446,0.9480532818528903,4.20057674188119,3.90592327423341,2
0.5762856518041817,5.001782539111808,7.71461308587998,7.271682829030359,19.80216671705901,2.6181767629217183,2.4289193627794603,0.06875095208867732,90.68728318190527,4.054532531533517,0
1.862320818036705,2.168560409552165,5.693729150504953,11.491572265127283,20.488431964231665,1.208172125074597,1.3522347922791451,0.5073940938449606,48.44728090331925,4.253253859655893,0
3.0830684445550487,3.700059573022553,9.367956168772608,13.935197362422944,27.890394924903276,0.6398065861000535,2.378844604308615,0.3289197782107244,46.032698477783285,5.801308374191866,2
2.618613300364295,5.400395437807291,7.556763418026283,6.209231077544026,18.22638667372441,4.761063047572326,1.441124769488929,0.5083116942766945,56.646660597963425,3.7804775615659194,0
2.469853519383911,4.25438684523597,7.8318484932465315,19.093528835377484,10.798250982330524,1.5832066354857803,2.828800784744102,0.023975447376531678,14.938454677122792,6.217870768556131,0
2.4884458855561715,3.6647889327566765,8.893527230298762,16.32700426167794,32.05685554304788,1.5797700667563408,1.510479092392928,0.3130253547015813,46.916604856739866,6.136813906935752,0
1.3222699141471677,2.621668765576878,4.192572714737528,13.79935877425494,28.769497388243593,0.8752057419594179,1.4415958886078157,0.819868147527005,83.11272167177457,4.430955363792972,0
1.0982122704992774,2.6650095652909895,8.456567230933624,17.426580064084863,27.422679971669773,4.678284883747003,2.376708398534187,0.5539417338546375,1.5482459137515336,6.137719266609243,2
2.851827928626946,4.34743477599095,3.5619248236519363,6.2028013521817,32.250523869754694,3.108817017228974,2.48257530610643,0.4505824928161174,27.29171603243713,2.481129364192456,2
2.8543855419092146,5.970696806105837,4.762735617959103,12.152583165996866,30.256925126861127,3.5016658570640926,1.7080184315313953,0.2855250717153396,0.245458644384422,3.9171787088633256,0
3.0480458831723527,4.309195949246893,4.684883634158742,14.451396902924952,16.176459645349635,4.602095992683736,0.6214136591357187,0.2980425227913559,41.571130914984835,4.480066368135839,1
3.2050178786920025,3.7889170868501245,9.828203747113125,17.429793591774338,20.574431408300534,2.055290760053553,1.4564988697769807,0.38310143359058446,72.83155104937347,6.729534782355042,1
1.8385641561271886,4.65325255119623,8.852297789983414,16.752043400739016,13.78330425035875,3.2967829001213786,2.9074102584380674,0.8355707099645604,79.87718291146285,6.412843707870128,2
1.8051554019364786,3.3260280614185906,7.609358892722078,9.156038745700995,13.89571040253643,0.6745975462799936,2.2836599598136367,0.9672132068082684,94.51897611270066,4.591014986656578,0
2.8142036084870354,1.300711713003926,7.816454092923121,19.113202543388063,30.285872390696177,1.340476377040082,2.4523715512494833,0.4386553813503745,60.85046129707865,6.43785919671586,1
2.3098773646444015,3.8114840793895493,6.496582355220569,6.865187621463056,35.75800320947495,4.240606122904741,0.19519394657579636,0.39335283874776183,25.462686665289546,3.477070858604203,1
2.4866873826761915,5.788126422526901,9.576725336868153,18.127004279317283,38.881977515834166,3.9504576035225107,1.4567924416390639,0.8465507758198628,92.4147949136699,6.944972996828884,1
2.8056950760827437,1.8765147117882983,5.970070023058892,19.56410374406928,28.850413526483333,2.077892111557161,1.9752012876069105,0.4269053206363036,77.53157538803761,6.021817546022897,1
3.1260181621797254,4.450024454103328,5.044141678959156,7.657302848339383,15.52303970082871,2.195647824983956,2.5070947825214165,0.5520181722956512,57.44284830031445,3.327435252715697,0
1.2491835332952217,2.0046684432952824,3.304282695452728,15.830990963056779,13.169510363467921,2.9009949509911075,0.24289359539003727,0.23094166459874443,69.56402157189359,4.412363398882603,2
1.3769820389758096,3.6791384223654062,8.289645218088463,5.604282781669977,34.38552914610273,0.5010845210831054,2.572072768361432,0.7435025357790752,92.43163550074291,4.033745535418578,1
0.41953859545895456,1.483382248233598,7.8755514566047315,11.081342377087324,27.36269429079998,1.5855995121711253,1.690362716551544,0.5319883182707819,71.23940284729217,4.899049784594918,2
2.0661524793869916,3.2518546812909257,5.074840308193079,12.74424948796511,28.548550630411597,1.437043138736965,0.6722105146705738,0.8090345502403417,36.8374507584734,4.343621252374435,0
0.2222037309089231,4.78081664447623,2.201547311673835,13.70967838864451,33.44386266264128,1.6271732603739355,1.02004012770413,0.7807327300286697,71.30282022890967,3.772454877923516,1
1.6830332616503645,2.7378576211949106,8.711978621744086,19.03905872372839,31.09831683197355,4.126576291400486,0.9175957000795262,0.21500476827002857,4.027816273538787,6.476489733743526,2
1.9449917580057605,4.32455862243609,2.091343867632589,15.08376030941292,35.0337475856829,1.7585323544589944,1.63949119943658,0.7156355505577624,38.64155618305812,3.903207000833088,1
1.074240257236167,4.977249803948646,7.629598237032408,12.219169268288555,11.686417163796355,1.3618459492256667,0.2498884717422823,0.8000544079513714,40.63230318455793,5.014621115911381,2
2.1088330859346365,5.635889097397263,9.762056877808456,17.14512554398834,32.425619102395146,2.7691855735686417,0.5597548596497782,0.3461072407823951,16.68382344208347,6.476915090622934,2
0.20370084979276806,2.1732104092772677,5.501290625185628,19.257992314316134,35.525582719662864,4.395402663677293,2.456809825789769,0.17260911290227454,2.3085480551770177,5.543433117164902,0
0.22698384174732902,2.9965795790465406,3.879787239967622,5.330992230234362,18.58405127374943,1.5860736672687494,0.48455157316575204,0.00263215557958818,13.338123663774281,2.270675420144399,1
2.896841906242838,1.762080066652087,7.638968080347054,19.73781908384058,29.213418219797585,0.8534130925675941,0.7768491814285682,0.45090365309314817,65.46214957970551,6.5258214202299785,0
1.324648180798294,5.962417510791876,8.537025136124681,6.291982085955205,19.42486191510916,2.1038213113234914,1.4147747562520563,0.3524327315388416,80.22888163636875,4.13067714924532,1
0.5320057430164082,5.635004839621477,6.3714425286227785,17.21580168903142,38.739131994473624,3.8644332105424,1.5996505755286583,0.5549098338254089,98.82034927269741,5.762036110976291,0
1.875627084186335,3.699785651402798,9.73628220204917,9.205021288271187,11.002707173065113,2.9781074511265757,2.31447039088106,0.18804109258878576,34.63635031084943,4.903406187719295,1
2.7179780805352767,5.210166471882106,2.413349773263689,6.982694866308076,27.39378531498865,4.175570163084563,1.3972640373319447,0.8596655476664752,59.937922226110175,2.4722907814523474,1
0.8337914934892667,3.604789886360211,6.038364786436225,11.597834595707523,14.995106411485452,4.818164664241553,2.3906074010030625,0.25775521562810966,93.71449668151219,4.46377088824253,1
2.217827617784601,4.117928440013799,7.747631578580401,14.659348691714204,31.36660615531476,4.066981145382277,1.8932042904318267,0.22642960508764998,16.70417813381526,5.351557667335936,0
0.39018138097881117,1.4456221605800832,8.901123769193433,10.714277675352125,15.276708502559863,3.2171138547968905,0.42798924432908514,0.48071405648435594,71.76455863427427,5.124629153028148,2
0.27571785197326615,4.77635210248404,3.4340448952623204,5.818481124240485,17.061497856950727,2.720037146235712,0.5533611713392319,0.49885102374427426,75.49787331491632,2.5201735181203966,0
1.9066057473317033,1.6385674181761742,8.400027854109451,13.99191709488075,24.83112433137274,0.6803108885672,1.3673978038043355,0.21508522878509284,8.897553586933837,5.388101481726805,0
1.9381594134743623,5.130338151262642,6.421656605748362,18.536049141660122,37.44504849990634,4.929448904663186,1.250979239958215,0.27186072672591577,86.12493851830651,5.946453770956635,0
2.267261665093902,4.910140438351929,5.172429455919706,10.748230489208776,16.351431164439127,2.2256650515876912,2.2562783819481544,0.16970523915524494,81.31050471108439,3.9792474965819693,2
2.568710534657049,4.543723488714882,3.0537202286327485,8.244991664462406,14.327200633543105,1.1850269626259007,1.7841377054123204,0.7184601783231668,3.3403006577434446,2.7188273391201694,2
3.4178970701726175,1.1808019026238106,8.922366071271298,11.63866018899223,32.76930495562092,3.5001898492840553,1.225585934906523,0.7700890312540819,9.108441488005148,5.185784989894667,1
1.855421184224064,2.515641779726643,3.258185665437723,5.725440665731713,25.01858597001793,1.779297300929567,0.5952048220061184,0.4623284974592826,4.912689389185232,2.2297476004370718,2
1.1980520080002364,2.3155628495542144,4.478302873672794,17.30731376720412,37.353553371453145,3.1360022191897143,0.7578275967439358,0.7140870226850174,33.47435317993622,5.048194079619475,0
2.8036330622135925,2.8006820373575954,4.320364255699495,17.3951121642528,14.398436714795269,3.1404555853006606,1.768952953560271,0.7359353919374455,50.92889906799262,5.075105485151876,2
1.0208296542910524,1.4382137338191927,8.971312273526834,13.820006951444427,29.37783679069118,2.5057841940629113,1.3279725342093982,0.1382755276778086,53.23477279546288,5.6427544962688865,0
1.5925028303991628,5.684789115155314,7.381623953671184,10.296543334075842,16.986374384554452,4.262533769952691,1.593289775695949,0.9661780248345367,26.766675976944263,4.547331485814264,0
0.3667516965637042,3.7690112035618815,8.373451177530978,16.99675046668675,14.70281285954918,1.6923517769994936,0.5949645623764777,0.821031947096431,91.15968865602741,6.349070901984012,0
0.18619252761255556,2.5276215532901176,4.003743190339992,13.320305371825508,30.502882454718115,2.518846662279804,2.0224281317992405,0.2044834611958235,36.826278987191316,4.016559560667838,1
3.373004609904945,2.984907585371417,6.998992796855991,17.388984628250242,27.810538597261996,2.9196145786593717,2.5723623484823044,0.18616503574607024,4.555015596535251,5.628392818645666,2
2.9423324097415,3.236012702524178,6.5739678651499895,14.47188188874531,32.64482375086993,3.4863112434528483,0.8480245696820117,0.12566114557958274,30.022711154138637,4.981767099872392,0
2.466312300718573,4.002971666803086,8.66264301430617,16.76608209819196,19.283877293385473,4.027873327275152,1.5253912549122972,0.13837856254191838,53.11094225441555,6.139017863201873,2
1.4904400110085176,3.578397138482489,9.248696483850084,13.9784448982664,23.439149691465698,2.2766327729521523,2.929029254160615,0.7481617990286962,40.822182258823204,5.842396831390514,1
0.6892006882408755,5.596959866072087,2.0972541718190945,11.212116023234994,22.164150289912556,3.407211248434682,1.0664010475971102,0.46965425695162355,27.384251909925915,3.04768306331283,0
0.6318859450816925,3.484817414529151,7.392159352470341,19.369187898892065,39.522683918995426,1.177749288808336,1.8256344002789076,0.7829341727398672,13.132324976431741,6.287469194996785,1
0.950825853759624,5.960790074116563,2.414686392957832,13.11670737318267,18.767468702181638,4.696916452441154,0.3615675305807087,0.7462548943502054,81.91645000962298,3.742747721422794,1
1.9673706600008096,5.257124788725479,6.390869320618847,14.076342778108076,18.844517150403007,2.223764628894516,1.8574435071903852,0.6046127135052216,99.61452421241918,5.152295467145571,2
2.529626137180212,2.042552571786679,4.301061832349426,8.307314591221239,20.636446264858222,3.782846398893973,0.3599321425833919,0.6863666065786795,32.95421335238821,3.187917429321976,1
2.3446710808402864,5.652976073219581,4.45421279617713,14.384761841409148,26.937822438709645,0.5915348684697994,2.881782762439084,0.01835572437914179,38.162104417660395,4.331373665263778,1
1.0517752496162056,1.5818319894273805,4.823668027618853,13.574114742244157,17.569682327912357,1.4233421430716315,2.175421691009703,0.31177764680502196,61.8037524676957,4.409690143498579,0
3.34654195425486,5.087248542455958,6.970339592396881,7.772575969205374,37.45869821137822,2.691871449456101,2.3856633855935487,0.6378221792594102,71.84414747355413,3.988713949832684,1
2.608849516765613,2.9031164673829,4.672399725350154,5.893806460297156,17.970566945987905,4.45213610479556,2.141902646237747,0.0093449534862442,39.20295348035913,2.6999590608028035,2
1.9848037785387624,5.389871602225347,7.861592404722243,14.065389795721567,36.87447194680584,2.872648174778047,1.8102142046217506,0.03297694368259341,90.49295169818153,5.44962992439205,0
2.1798505371967978,5.340283450537251,5.2362190845909575,16.455384040254806,13.10425190939754,4.6844171703224555,1.4047470651479657,0.8518879824703832,56.00039892289183,5.200321326691001,2
1.5266402122544858,5.029627000588106,2.546825602479669,12.851020563830122,29.69688107198957,2.6770860346225835,2.589282801307081,0.6840248616920718,45.0390076405931,3.6061737887701186,1
0.9422853643039353,4.950152181535307,8.270078739872858,8.401589379794686,37.209565553147314,2.7070209353117747,2.874823435874883,0.26536973312034395,64.66727531599051,4.408417270492834,0
1.3103071074142894,2.523395695490204,4.286066596741648,14.997829650395524,15.062483151946886,1.0388605482523934,1.5472049014218359,0.687962840118709,95.28038482491732,4.708819631600092,2
2.676676775578855,1.4045964152562609,5.462135036794101,6.201585899144034,39.04980880297765,4.111953098684989,2.80145164255026,0.7924566691392633,79.45522944217055,3.2758147130214015,1
0.14893786134116996,3.014900893825807,7.483551065775212,11.62750557202932,23.586500812465353,1.6113443561017813,1.7916654389667008,0.30679428311010126,4.001313053512434,4.643929229920985,0
0.4946469777235152,1.8676225749325432,4.659649257189696,7.450501375976303,38.37145325323073,4.548256202175418,1.6613141419996562,0.03603737749918745,33.230991073995966,2.994895501073995,0
0.25640898287395936,4.474755444512309,2.452685249173725,7.76688576589825,30.30460130890141,4.598708991486783,1.4179999255705344,0.9327791246877345,47.05446849512227,2.6169019583546813,0
0.23847792788449845,2.730498632688928,4.991368376102509,8.034409237373055,19.047606096206547,4.744895503433674,0.7069345084373475,0.3451798382956305,31.451757220910526,3.267683599627221,2
3.0085659856374245,5.878051004299574,9.555588661554427,10.800605855659668,15.649075747513193,2.841037200963905,0.11078701637237165,0.10648176328470638,70.01875608304566,5.2581503905043405,1
2.4924367218920804,4.20486038672666,7.1338751783884655,5.767253084305964,19.11205138675298,3.5469220315263996,0.8003680578825776,0.4918568713931474,82.6269149862581,3.639865289615136,2
1.7121910188969056,5.112402818171804,7.371833189337655,10.966901613936473,12.79052227788025,4.003321460277485,1.578197197650339,0.7684677956641338,73.13450951852715,4.778027367276999,0
0.43263614621340507,1.6626233637092422,7.058257229101119,12.675611706720513,14.316038990299893,1.0895657839270951,1.2018838615532825,0.22164731461755915,98.93332868282752,4.993728959046433,0
1.77149397539723,5.310072411363112,3.5919371116754943,12.249414274494878,13.139813210394435,3.2043073774887376,1.400607161207638,0.26949005013336336,27.25476478930291,3.663126292796205,0
1.7098040206539233,5.613785952566972,5.346670912818241,10.74176150604561,22.68830631224673,0.6543405558649025,2.9438798367357437,0.24271498679858317,87.49894950244214,4.063393420921638,1
0.6888863576940516,3.4353095940946794,8.007518386906547,17.58719912106129,33.867351287727594,2.7390473752492666,1.11578987494105,0.9916730528316782,76.66226651744861,6.348016750402903,2
1.5750956074091085,4.031264688754887,2.810983180425273,7.179900386307562,14.241506626490207,1.1967920672910233,1.411330524144313,0.19740373373054254,36.21787575581461,2.427409405402647,1
1.4549160969510697,4.824049004514977,4.222822208717698,12.585451156720609,13.909612995170075,1.3231531668293812,0.4871950989231767,0.575520216966124,73.41245436569686,4.119278300449746,0
2.193890333377536,1.8741931363020627,4.210552867726829,5.930621254348314,29.302868485519923,2.142714050116707,0.23907742406726418,0.9252646416569643,10.407595641824695,2.665565826444579,2
2.259318412949989,3.5128303823172122,5.456151420756048,6.067335183168646,15.91548945904199,2.4459672502242635,2.3486875923182344,0.14689656887777924,78.93334823405523,3.1164918213382653,2
0.25403363322495137,2.9933151388615657,9.84294992753748,13.607987745156445,12.92830114326975,3.3042759103948427,1.7549812077087381,0.9708541978677002,53.23306025871026,6.0283525476422035,0
1.3736828897300022,1.7318699608112456,2.5400203734705755,13.490276373317315,15.00545734616733,0.8349278829733204,2.3060439375272956,0.9474772343956246,29.22901727092532,3.737243885396537,2
2.2279237134284036,2.8376721114576573,6.14960795504476,18.170502692666854,37.711941876303285,2.766612925568501,0.5346021167709997,0.8845719870582626,65.57773017841801,5.852630512993706,0
1.8106632791722983,1.3408615469274678,3.4349174560976836,13.368105134901098,34.644137583285726,1.321813086138955,1.7583034364298038,0.21455652133000225,64.1619998714409,3.939493567689848,0
3.012065460040296,1.129059534747435,9.765412363277953,19.396865306072755,20.621936870652824,3.0828882876428385,0.835563175589989,0.6340550560109833,20.94862227195997,6.998653648216012,0
2.339558347504413,1.6758314457741137,2.9064280378197136,5.730422725998946,29.674623019821784,3.3683207551753256,0.7613792690100577,0.7608914729612402,3.0397414811526136,2.179310475581409,1
0.6539770520768609,5.815575557945869,5.22880801889273,6.470115271711116,26.118270210041143,3.0051916544878425,0.13342544075365725,0.9860279281964297,43.36225869016739,3.18995782171983,1
0.33993374116146147,3.747647679475085,7.9030798786768495,5.660987923555721,30.313727904476917,3.8223297971523844,0.47798809835030853,0.18042382208137042,56.95118693444212,3.7100598735337993,0
2.284225545901473,5.8291108057661,7.636435424219562,7.7791527550031,30.48013457388278,2.010241599084056,0.9968775233491165,0.7660258995192964,87.66052783705985,4.262947941681527,0
0.19013845584151418,3.16248939165066,5.381829095151458,13.119051664125172,28.862020451799786,3.942979662349089,0.4389484057137232,0.33880116992711296,92.82167956475944,4.584584334050174,2
2.091636976329775,2.559080665426298,4.772193343621746,14.68358272141142,17.98304105611926,2.4474518676868717,2.958989477191719,0.17562646556800232,52.88052181567664,4.562141405929439,2
3.296782820844856,3.5307093142012205,5.180899028422965,5.683777369230032,11.170192622884544,2.6788302424516854,0.9950346807194569,0.42137694121385494,75.38034837685449,3.0014416157462307,2
2.0566122047779882,3.1975584431645507,4.114210105269114,19.18956334768399,23.667003459703263,3.4164595726748215,0.4779394454367517,0.7938359121486164,43.93032723279969,5.362733865245654,0
1.4197777491021746,1.5283234213087196,3.6426635096543984,17.632480649755713,36.72921654072111,0.5826127279965079,0.6773387072010774,0.46484980370405216,74.6082156572893,4.936089790560141,0
2.2871799427040007,4.204131573451031,5.86431758047112,9.449187232356397,27.084917755557278,3.4429739963911175,1.804339362190282,0.5375231002030485,20.48015249391669,3.818077798134975,0
1.6580598276711567,2.080190912547998,4.148270048540859,6.15781295339702,34.971731251057236,3.283633170824519,0.28572621920788666,0.9951594102001212,37.106473480353145,2.7863949077227455,0
1.9550970836741788,4.097939774489148,4.299693319178001,7.54830609828586,39.748730288836846,1.8943120253897596,2.601058977409355,0.399109299557426,63.42279988136148,3.0696594749661417,1
3.3009803498401857,4.251005461990767,7.2540485077964565,6.90416620632459,14.908486124148288,0.8860742820477027,2.888349069787727,0.6154007547092398,1.815796560707883,3.6855753342278263,1
1.4127489685226324,1.7601242656432405,9.748298653599138,6.849256689484203,30.75332917425947,0.9092095246086851,0.8155675199354044,0.36524420161537186,72.2461310338954,4.584128167401342,1
3.3680479170013085,1.3067481355533408,6.829097604475001,12.778425329986009,30.22880721100074,4.6545068614335285,1.4052762789134923,0.39278564632870494,83.55355012681667,4.933632126985893,1
3.1781921826506165,4.903807930342199,2.6158357365197302,8.687711637401005,39.39866342074835,3.601756945516267,0.1641899079855415,0.6956407534454081,39.91416610939515,2.7811636974533873,0
0.7656898582836078,3.2990021188466008,2.604668910832536,10.372095747937166,39.56802201858401,1.0719617619683317,1.9580596517089424,0.9378869760948835,44.79424171771643,3.17777994320932,0
0.33582842297556253,1.2908189775273788,9.611385766764528,19.842580000764837,30.600358351723884,2.1052542618900785,1.3003855683525078,0.5423589504923214,85.1282212216531,7.21578818394575,1
0.44264520468325064,5.9743315858488355,4.378326322458669,15.264713733880171,17.308443759465828,3.1661734725571837,0.8831695516945115,0.7683999289487798,77.56546353260335,4.752817019901201,0
0.16195420721526907,1.2889028049818332,2.7365358886598035,19.23471000570502,33.95667514391797,4.260072672907919,0.6998276207881645,0.08920655881696382,28.814948903337502,4.77218892621235,0
0.4211060665701566,4.475176144292766,6.7923566972030525,7.138348325496734,13.210874026331144,0.6964741792085384,1.9966669252104052,0.21115803743192696,32.397610656153894,3.60480111371511,0
2.4222230296156133,5.918394626317068,6.989190226322129,10.732092122488538,33.42097912514886,1.56484909161504,1.307029389993712,0.5021316409195324,67.88782323905966,4.547265290295432,0
0.34204140476477857,2.1959005210796283,7.188038560949505,13.320977049235314,37.30588372434089,4.50387045632921,0.6210119381867448,0.02001172362877479,56.31980924481612,4.993568750592118,0
1.1845171429987884,1.7112468434359809,4.13921622286033,6.151370928331071,21.485001843053055,0.5412449758271742,2.09841633631179,0.2528549787625588,16.222957109649695,2.571278919605774,2
2.9725760572961457,1.6069246971121445,2.1208854737158003,5.062811654419368,28.919058849492416,1.4062959625724933,1.7387096208064117,0.5174012898249661,30.99299092291664,1.845287203732357,2
0.17912458150180793,2.516375737837978,9.720122955635775,15.056515006953763,22.90428196290479,4.815608791878347,2.5901489592955387,0.014961198256300712,89.99832768786541,6.2003271107963425,0
2.8691928408023815,1.5052290550532335,4.00714436552882,14.62729275202153,23.132951649643854,3.26030830934977,0.44068010674182945,0.2645462862260417,68.81744367222635,4.386963448324839,0
1.0583062342295597,4.46080670847066,7.40821030442038,11.161832149994176,19.3111266732436,1.677521149868779,2.378433145638923,0.5140308194758695,98.59743176855194,4.85342798052578,1
0.5017604139136312,1.3114589906503133,7.653038959029677,12.34466114048049,32.863888613509744,0.8014599247813142,2.053198681770051,0.5731492479812457,76.70125299807694,5.109577524395481,0
2.4689063622381124,3.5471106407489486,6.8800593366358855,11.231645008881344,38.085296924995156,0.6268610320124997,0.4335317168014837,0.9257516930553055,94.19744321435903,4.778089471021173,0
2.238405679051606,5.983484269264884,4.503259153709186,5.360075672673333,38.22252577703384,1.6013528583661727,2.11498011662799,0.6453456232506078,21.61885738704754,2.6169185774586867,0
3.08340484599198,5.069851347530094,4.168770030112526,10.030574093261936,15.243438546248015,4.466686188150097,1.3804871377515082,0.41473580252999376,77.14848748169257,3.5711384506372212,0
2.5992415489332115,4.076097191155054,6.781346261621625,7.656233830959348,36.24230948969698,2.3716114443387926,2.840455878111945,0.9303511771330678,2.021752014779743,3.7577861361493095,2
2.8318351633084853,2.5312681039330585,8.928765068893533,6.476362836520531,32.12294324281366,3.7415001612469685,0.510672916791908,0.7848829833877943,67.07600217115339,4.332106691163186,2
1.058917546742442,4.119479181458193,9.573869831387164,19.35080650834025,17.585122020708678,4.63228265920981,1.9642168333656402,0.2000089211127476,46.92822781202414,6.92310871874282,0
0.7032944488510575,3.6352073195582584,2.847246435230061,13.990395875632483,12.018538387645437,2.3361820772126745,1.2077421318425432,0.13084236134881977,34.676007192006864,3.7824495995412994,0
2.6520901555789185,3.130416919451857,3.238628900781759,15.92984426354904,18.039918006531337,1.3607481696682868,2.8747625447135454,0.675811635742733,86.24043522930891,4.551441155780809,0
2.8432381135086975,1.6535518837009975,9.557890070264637,9.730456148991763,37.36624710344577,2.8270306888561376,1.0569271963418017,0.5598831655769838,85.42676926575307,5.1817151917904,0
3.467717482802289,5.433021076202333,7.8922818266783406,10.897206942410229,28.99536024687317,4.586376591769345,2.8903391375262206,0.7896736137927557,2.230170489864358,4.711751170713692,2
1.5029001014988501,3.2489232441066127,9.063950598638185,8.553859908450852,31.631639826936155,4.119684863619653,2.714308968192172,0.7388050500786865,60.9505122449431,4.760569708032193,1
1.364861491695463,1.9731125591038254,3.6210610730827453,6.454485064481371,17.714570533272877,0.7962342951341921,0.8841113824009034,0.625211533857515,36.78322243209564,2.612607308888888,1
2.7398040665227894,2.838796754386448,6.700686968875215,7.6854745616237565,31.581644667244607,3.6165776003491183,2.4302711527966405,0.9863821716288922,41.56610015004492,3.869275737763229,2
1.2587320368602608,3.0706487626446353,7.609116755339789,16.962710679447287,10.843645188337712,3.073538851065292,2.9872521852301674,0.5335897301104087,83.2040739218776,6.031607330279108,2
3.26457490705212,5.137689477834371,7.440895083575781,15.163187077756637,21.259640373190415,4.583584293558915,0.8327227062967187,0.11310575650171983,30.983977152767828,5.380479023382709,2
3.01860335626624,4.668071902807011,5.265213526933585,13.203933139782153,28.802600456269936,1.0511663758263374,1.366653791037627,0.8282735648159884,94.30488106376201,4.668920042190989,0
1.5585796930750624,4.846524468206699,2.123159133530468,12.126348093001521,14.382896966239606,2.9031625094209548,1.6085241360436031,0.251853362345709,17.963382637214075,3.1664781790402285,0
2.6529616304910912,1.055156322143236,6.663408454434105,18.836514254841866,34.69010723340804,4.457582120803515,0.9553002938312065,0.7773021481439183,66.27224233681778,6.120602543937842,1
2.66544577188792,3.0807699908988075,4.02481231343687,6.091024216680026,17.05093896435756,2.345107040337844,0.1442680349734863,0.9571070960000514,67.21050670137647,2.818701476671206,0
0.45062115404217085,3.4067207581766183,5.602033969143123,9.20901219856874,29.568433384553387,2.6689771297979017,0.7383748081728273,0.6967955139643413,25.21951614279182,3.7374302816779283,2
3.1686798827105265,1.0959613841152835,9.660648120670539,10.24906780356071,22.15591427725989,0.8170730495013123,0.9176169645910994,0.5960301609498011,32.4750608967202,5.164639211793424,1
1.8178580663227144,2.299066043725171,5.192282541139478,16.736387183191816,27.881307864329415,1.7516463820200987,1.3864391338227429,0.4603861756750406,83.47984925799405,5.247478981889197,2
2.9099553847663215,4.801449115610675,8.718412853315414,19.88771930242957,13.223516578867244,1.960279921260263,0.5961971873988654,0.36440986599540326,76.18052549549525,6.8944912661661055,0
1.18816864350408,1.6855485286449952,3.508324845994009,8.610057721357297,10.507383997648219,4.753051019351991,2.6324376344058504,0.35300475097183626,32.909588031475955,2.943838712358457,2
3.1447789768870815,3.6765506572629585,7.379683984200231,18.11461001205621,37.28693282140904,1.7720031224352157,2.1442422849208747,0.6363727057095906,53.39565469349339,6.124288702893709,0
1.4232857076961547,2.0760093600861875,9.816055635511548,17.45934140647687,18.088900263015482,2.573909308713434,0.34708138492301976,0.7512731169377459,6.168029625309545,6.605443684212316,2
0.13684801503301441,1.0606038732194665,2.8151448069834943,8.369860964626499,34.59031008341377,3.520869906039259,1.985268108305801,0.6785170694844144,20.874588239862923,2.71684281363682,0
3.1782987198254964,2.2060072879977075,2.066559537817536,10.989988702988338,39.980509014166,1.2298251758354484,1.9956037815762993,0.19841010119356273,48.58205588603991,3.0033937898397607,1
0.4103747010728541,5.879368774550269,5.468662341060915,11.145093039387787,16.342937739967333,2.688990742138435,2.8730414035665204,0.4939871801434912,8.59737352792116,3.9942068668082937,2
1.1856663678074106,5.007685559414948,2.7410038644109376,19.673310027898374,17.955122235500667,3.823425677641584,0.10876052693286763,0.791640072183063,84.33323548919375,5.16829088580715,1
3.3302106879727367,5.797883221605167,7.987074797409851,7.713378520683475,29.88579362903997,4.400848458621797,0.8190041044368408,0.47570407818905625,71.80062101076479,4.2493408220297555,1
3.3320642995876906,3.4392702196318123,9.316389310788471,16.98736956657173,38.96345903801864,3.3181667359809204,2.790595290188415,0.5366232797354938,94.36336706484948,6.582805463692535,2
2.0496888196191727,1.5486809933875176,5.472167781670071,10.012890712596649,37.47443044572232,3.5107408189262657,2.803188354655021,0.7711360481708222,69.34669059640271,4.006495758443724,1
2.2482465213773177,3.739797444868465,4.069693137243528,15.963055186642405,25.086265601967547,1.0682756266305602,2.1897006161748482,0.6612653062650915,94.04013722621856,4.827892451433213,1
1.6247147747262873,3.2718866727998046,5.475226552052878,11.300165064434943,33.85330847580174,4.755994237608562,2.320713631037866,0.4093449208823926,55.4512555690965,4.15082372938662,0
1.0969166237734194,5.22178541369808,7.787582542800008,13.6753964467481,14.072375592997032,1.0965833486801706,0.3653005779959766,0.895412711194219,60.02186110619694,5.430502177747057,2
1.2174594542577144,1.4904129039212228,2.072433292642968,17.489176599891966,39.32314552612037,3.9860282173180925,1.5902399208568776,0.1625670686634786,97.69710546262608,4.445170037891858,1
2.3865627506619305,3.441205685108891,6.7156319158775775,17.06248347475826,38.93059702107959,1.6916734480024347,0.7715906747380982,0.9955164485903247,64.21291468642603,5.818928303492267,1
2.658073400088112,1.7502433234699213,6.9063334790990325,17.996347753095502,14.91186873637513,4.701169146655632,0.62553232647949,0.1188525784762372,3.07865688607466,5.704176080702282,0
2.791368748667885,2.6233796344502998,7.101505975167484,5.894259880169885,18.982693744093197,3.739817927162658,2.4498795674576646,0.014949971104238902,72.38027766305233,3.529434595794227,1
2.7847016855014832,4.686785386938999,3.9361766398470177,15.380758295596172,13.004649925203008,3.8921617084026603,0.4916105963735875,0.8900189011487647,90.54686921374156,4.706649038944318,0
0.4101007503655473,3.3800906468438328,7.712421787025014,7.099810650826443,18.15152796694539,1.485766278769475,1.4590897472895172,0.24495350836595609,79.55802497943266,4.0213534428842825,0
1.781029035988777,2.8794414257288468,2.7311318906542112,11.237278520276165,34.478673682456204,2.4936798948582237,2.821876894799496,0.7296996274467209,58.38332726254226,3.387885178528468,1
0.2956997840565906,2.9723813928501768,3.5941626917344065,13.228826225820328,21.349468214957785,3.280159375651789,0.6389129611394934,0.8110153749320693,67.13035130935164,4.087608181598856,0
1.9683981999007008,3.297233842029933,9.019760373235854,11.041092271202462,12.65190901440275,3.964881281929704,2.9361809288408804,0.8589863910321168,99.01917892516717,5.383001381193173,0
1.6012037046694818,4.925082719185284,7.909785205812531,12.794175137045112,20.266765743367138,0.9678171916057531,2.983435158707071,0.9915942356641667,9.066208850933833,5.1572880628384175,1
3.118194221378219,5.460423444701172,2.109964432090762,19.94789463197929,39.441500027238405,4.830643924045377,1.7112897485789684,0.29403971003999907,66.72448286332396,4.881549646621058,0
1.2931110426770676,5.776673432519641,3.9870100829584016,7.028259705692821,28.890507857776086,4.505993017495502,0.5934139465137579,0.7102433419272591,28.339769457059383,2.8288229427827147,0
0.4980278558538599,4.934516931276475,3.7152518639453165,15.131840680046384,22.48482839218473,1.7165686572301295,1.0167041750285974,0.11539985828082822,64.00903965861701,4.3560507858248885,0
0.5861717189796419,2.577034478740064,4.166450624295781,10.94001449578423,14.996155404918099,4.202421093645494,1.331029214761952,0.4068092913568494,60.762357588393876,3.7015870174821313,1
2.6891361478394056,4.4406735304327105,3.9804781622390912,6.995146983609931,39.585303918510846,2.8324576536792057,0.9970402506388465,0.8479716933125904,15.345683210816208,2.8088042336886803,1
2.2019414152752876,3.1880156202769596,2.500210365942766,7.381051450614643,34.62547027789387,2.578129167029084,0.9138431816418957,0.36765804605910835,20.674664574023915,2.3618290028396514,1
0.4438170988174869,2.2733531102302558,5.671524132774563,19.239096593684252,18.44431907352758,1.9149534761513243,2.9194661567274367,0.5910953805356141,62.16295780432135,5.853984508089306,0
0.38596314079099125,5.204357897129613,7.861867798289321,18.194022450676428,12.102060871635683,3.114358639842166,0.5447579995056624,0.5037734437246341,12.822994730377413,6.1365885025581415,0
2.483295046961008,1.192131744811625,6.853853797739491,18.605629406225326,11.698766721326741,3.78450102966619,2.226650935278901,0.6459515311120451,26.518087513032285,5.986026589328419,0
0.347394221638258,5.508809960677118,7.382973348784638,19.8729916374108,13.611344485166015,2.3491980723324124,0.10118983937360713,0.9728943893876949,83.52455477380025,6.634642874316491,1
2.894324201587211,3.307387323123671,2.649193428289913,8.124730850127769,27.42305750843265,3.3314863685373144,1.828929741266893,0.05573552650140212,32.70915060016386,2.5289787556132994,2
2.501223572332087,4.186007384041402,9.611925681414299,10.331590060460925,37.862902636164776,3.646908145198867,2.756234711466752,0.5739615175016297,48.80601562696629,5.211106066897699,0
0.37658585418245916,4.296769611028914,8.707934670744198,15.038285448873001,24.902302840179534,3.7000481765687865,0.9350088728703351,0.8630287792502848,94.11403351458402,6.074985347391668,0
0.3884482278896525,5.475588703532682,8.4407225479653,12.257038097909708,35.28836447368592,0.7338474415903111,0.6380253282473856,0.4813827117484275,22.71490888369463,5.148045652972302,0
3.4545745669039967,4.183348410836037,8.58387044033414,11.275843000675003,23.376598595794235,4.368865125582801,1.9898714051474382,0.07852718594157282,38.96260173580104,4.96292297463096,1
1.372520705570809,4.069667923800309,9.46168406506209,10.367168740033897,31.257506373034758,2.5621399164427157,2.1665440811653403,0.5605393524167709,60.64577755435457,5.205984170671824,1
1.3601833000274293,1.3332602028034497,6.354031728909582,13.906709479151782,31.956182118595024,1.6808723676329649,2.0952885049607457,0.33207389082382044,75.53389295039722,4.980567871519186,1
2.8635185286755087,3.59204010972602,3.602256142941007,13.63390142960123,15.21891117710016,1.5879402836585672,1.0260189520619847,0.1549417853379359,90.16533867127052,4.1089415018839475,2
3.3206451631051195,1.7508450040852082,6.934268862820329,7.421867510963601,20.836481769274354,2.673563507797777,0.8313869662620594,0.849034513283473,91.54729875735151,4.009102959967568,1
3.452403616997761,4.687168843607428,7.943051949343512,12.076097562776585,29.11906469614072,4.490741927610316,2.872164519889928,0.5215995129911216,77.6640074372623,5.135447022268381,0
2.6614858298804016,3.5611096040633723,7.903339146832203,13.302076643147748,12.120898245530984,2.202564117571911,2.7775685739827956,0.9332764123790667,22.833083659331045,5.286571606133017,0
1.3792825908051136,4.401138896041767,6.171592193335041,13.554304080970857,20.846205632888697,3.873765860525945,1.4262181686891788,0.8060165046030691,2.4809330042565803,4.730984574128068,1
0.38390243677547375,1.2083645030119214,2.5476697546686244,8.151607893685277,26.043983988435773,0.9356842894424837,2.553962211847683,0.6929717937736674,38.37739303556238,2.6483490429990635,1
2.742299514153285,1.423960080229016,4.968903507441023,16.134070883784304,39.88673479133916,2.642255159679778,1.4117380851394585,0.005025503365311934,14.154885098782334,4.760954984958576,1
1.9985744491017372,4.5816169403134115,9.36613286770686,5.377986422316044,24.236006878673223,4.9625876317673105,1.33072815241028,0.42782345663824994,71.0387647438298,4.184118130334406,1
1.5423548314397195,1.3604216799933668,6.675591278059408,10.32247783314744,34.48170271342971,3.9669701125655163,0.5546125480379545,0.1974862816520323,66.11305868257168,4.305009382425432,1
3.181604909322102,1.356283638826293,6.306655546045707,16.703189728034502,22.962018551998533,1.4473781979827585,1.3365775638267212,0.9107979110488678,4.397164162145484,5.427985684116822,2
0.4780714398409146,1.0605423761744373,4.150828115057548,13.458393815831036,33.89172167859127,2.7564866316405983,1.6585091219394403,0.17458398467636027,83.65937791309511,4.222822128358029,1
1.7749253545889212,5.7825069914974,4.947591359332631,8.917436487662904,27.86244404860325,1.5513114364185494,0.16526254954319075,0.2860600516592855,24.874326629118226,3.3995996955515815,2
0.13860239220922482,4.687541797295035,9.162768713225354,15.424296790145716,36.59786324507195,2.3430241726812917,1.3879277150086786,0.5168367677344992,43.22270754910422,6.066725448190962,0
1.6934461827800293,2.766257042510321,7.331704380214686,13.5108641623411,22.3282765705033,4.010378106807341,2.365933033346081,0.26336361899807925,66.79337354557424,5.154736990968964,1
0.291431137318247,2.4826779064382762,8.299096214018663,16.94365414184581,28.129132594644368,3.9705116688068163,2.0721335634853824,0.20986467727912117,42.94187868522533,6.04925826408626,2
0.5039809153114445,2.748516148729248,5.634763384541241,16.02537779284735,28.900560418564822,1.5264517005607332,1.9419552677054115,0.5990993251027524,44.12878027999434,5.147710779792377,0
0.4995892390421566,4.873267655905909,7.041977755649263,14.15161883054352,22.5214882540142,4.650004931696871,2.737710742467887,0.08892952275502386,6.5627995335740374,4.980391395955209,2
2.3073150271946163,4.306853055352072,3.9870688699456602,12.32266512966221,14.329361310624446,3.166556822441721,0.15229282849316703,0.05816775872092472,40.14435492600038,3.792720303438326,1
2.6365525895024393,1.9259778393373397,7.64368664226789,6.997731885012851,12.806782207370066,2.2096593093290653,1.7154379999574791,0.3722452951860714,76.48478932199835,3.9965557966861467,0
2.0834538013303425,1.8705466766704217,5.420810669626698,8.919995268280756,10.500146517988993,2.7587101135138727,2.383311660388151,0.7206644545078623,91.51763371865978,3.8289280466017126,1
3.3713866648134427,1.4919782485669866,5.540364118517965,11.28649209375628,36.20602792735644,3.2228206404698465,1.6698726098336751,0.554806758273948,41.34971370633718,4.154418147080446,0
1.374559970380594,4.301513598506691,7.194578596615053,13.98948930509583,17.094247367160836,3.0195073933060343,1.0392971024830995,0.42287646846677884,42.358582687907884,5.167922481760762,2
1.0714210933583266,4.82186331110868,9.490244971751412,12.705617828229572,16.34520247845304,2.688822659912802,0.4951266387667358,0.5657515642245824,70.26271063236521,5.71213550191335,2
3.053237035844165,2.32523214162502,2.5120507728689674,9.322767889392942,32.08106201278197,2.7721976184023003,2.6739329082669547,0.3654514846532736,94.27720011052766,2.9740907070015163,0
0.8602258509661389,1.104724805154564,8.59794589877606,5.096965366845659,19.600483392621754,1.2938535969254878,1.4652109379240488,0.9361463354321129,26.70609402393602,3.866124392160181,0
3.3749566340980786,1.4108583373821366,4.339064883297545,12.44358832851221,25.1813407723551,4.157298069371057,2.646534071258534,0.05490489091077433,44.014420653793685,3.933461370835241,1
0.14132521394537556,5.839300174225152,5.551355636051023,9.284389828433646,14.875331958923688,2.937921439734569,1.7989711550561882,0.6733914790298352,79.59732435523011,3.895754925373693,0
3.397588010805973,2.477223887387101,2.1753066302000716,16.019124510658024,38.79237164385908,1.0898593776711638,2.0551571381835023,0.8912826648277505,60.96935693740385,4.217581494969388,0
0.24674370063195877,4.846115739190668,4.408368622674504,5.3591939790572525,35.54744200051712,3.9477069571225005,2.432357347697505,0.8038847087352534,11.058634396395473,2.5883022275500394,1
3.1298865865734418,4.123317844271319,6.021049941041044,13.772417169586863,35.9136886889501,4.695997902698078,2.0115510793403897,0.18404103482144674,62.77327355622657,4.785926443862654,0
1.8941837708934195,2.9096981982644796,2.449408618779512,19.122113562590982,22.203212457160156,4.76288104656633,1.2543590379689193,0.29592634898028836,18.674628459732688,4.674454453327306,0
3.476080306805621,2.0284363109777757,5.928765835065321,7.616139006672492,32.87083641121518,2.1605797958502775,1.5895368133930878,0.7170479387071047,51.02159340784041,3.5983319198190373,2
0.3509083201003561,1.6069320907970321,9.41688503086742,12.07474236125893,14.316284661693405,1.109825931023393,2.4288320215600514,0.08427055918076554,52.910326766043845,5.415599073646297,2
1.9831045669644907,4.075064840194333,2.8431457448624418,6.371329877257073,10.258570077753408,2.832798319848793,1.1835858594816542,0.811861699832584,87.62033622249848,2.5524430475441595,2
3.3956286211049367,4.87316890318894,8.115525824604035,14.385228683920289,10.599187977340844,1.006741532071493,1.2255522246286417,0.7189069446047903,46.249427401243814,5.594233155289958,2
1.8785326701785061,4.2195212677056535,5.277368427007941,13.257975208943384,27.598052122136814,4.702943383306778,0.3775013365682033,0.7296066492353426,27.94424222358942,4.464559626408896,0
2.2399553696598926,3.6515106662457915,7.241389716194704,11.110482863192484,23.661847157438224,1.326108323098157,2.7522948621430685,0.10024137026759139,23.096634821603157,4.483851666015236,0
2.4655455425476984,1.2097561171581814,4.081892783881835,12.820655322106118,25.540460467255592,1.6374463697802384,0.364005313341781,0.7177605448162309,87.42518766843361,4.194526571554321,0
1.645439620210429,5.842443887971919,3.2759381003308663,18.448619877035153,10.223894212516582,2.329864370982367,1.9798066146008122,0.67981812521997,17.10108544182284,4.859772286875753,2
2.2336974722858156,4.993570958272873,3.2837009141698115,7.944414534666006,22.68059858972277,2.224240108516066,1.2982639885281133,0.8309224908218505,42.58685608831437,2.867938247613458,2
2.0866686605385407,2.4641101835048236,2.563935565145157,5.338467675580208,31.542044836025823,4.0759830157905,1.2762962317407829,0.0415959562564695,18.717311492694698,1.9013453303889667,1
3.1639372356693625,5.899851646794254,3.485173639209944,17.924973270486515,23.280811059023076,2.5534256924793306,2.0707003260607832,0.023110668467792195,77.33040401143754,4.867160091588158,2
0.25451769316095674,4.009407948181611,7.313755079911746,13.656756235818598,31.966576189366666,1.268457170015016,0.2945718246266483,0.37300709987856073,47.4372639974619,5.142390983105342,1
1.0552748446135831,3.912113291036232,9.053524894748065,18.359876831927636,16.990568931905045,1.7024445296873334,1.8217467705591603,0.14878828384915288,35.1143690556812,6.523133598746821,0
3.3313990458603,4.740365897147661,8.513005484729295,13.954178351197589,34.39426013445176,2.791010233343849,2.3388921793198287,0.5583844775702219,36.10996406264668,5.564744103360291,1
3.1268968652291154,5.058848940450687,7.481074478995873,17.152416349395537,27.65293721360357,1.163542628417607,2.5018169978711233,0.9173489015067489,85.22142067229794,6.113939655896113,0
1.6492329594714241,4.282393036657513,2.8834549072888214,11.44510045032722,16.322892982897187,3.2524505404070636,0.5945381292419484,0.39147973033401573,55.37739542944381,3.398484694607225,0
2.208450832525225,1.6404787318310001,4.313499570367599,16.247898969324034,17.10161427561499,3.0458628794801568,2.702515245226704,0.8449503772726041,71.78678511312636,4.927980095768986,1
1.0430960221358512,2.691337529972492,4.478455002579752,18.69562200334784,28.84091393708611,3.7161604237201598,2.0028236663575822,0.00024087451786647396,89.70385162506845,5.351820631222272,1
0.7396119430607884,5.640418201630249,3.99965557118097,13.581844455833094,34.8981877963733,4.719670769207155,2.65737892237998,0.1685146434591842,90.17416760406421,4.2204909940249395,1
1.6765745767959395,2.1230780592192597,6.120045277677785,7.711777258435693,22.468833460874656,4.6051455249552005,1.507314079619575,0.03042353965408562,32.850905433786316,3.4830064592226497,1
1.3013975752885796,2.8608351191875667,6.284430519037381,9.031964225452972,17.749012873827766,4.757340281309741,1.671896700781886,0.32814718051506864,95.24512631463853,4.043086815848738,0
2.084430780292965,3.16038441472098,4.855087801368882,7.979668653461086,36.01034820731802,1.6012201866066542,2.7652110033831465,0.9081895956965028,2.4875882014605444,3.2415607548465637,1
0.3642977656809484,3.197024948472261,4.830313269891488,8.702855413935993,30.078048752525046,1.0920438798770957,2.7097376757285483,0.09695212359898775,37.68355610161657,3.322106156779292,1
3.412942346064966,4.064697912472628,8.62844478324865,9.596231740265544,23.442564618492295,1.8602451522340182,1.3996665327701059,0.6064097767438004,89.57988575088416,4.897801395629116,0
3.4531165312306498,5.715379188723538,8.314342786557486,13.327006801297827,24.637005858379055,4.5278832774484155,0.895796631743477,0.4514959391194442,27.463687981698293,5.332394447995794,2
2.4737498276671337,2.203463559162525,4.462366653445965,13.819874441957491,16.127694038091892,4.874240635805697,1.240194260236366,0.9384682123658125,27.308145032131836,4.372302961994845,1
1.9227276455700093,1.6075068815045903,9.310307550986074,11.397496208627917,28.804078901945317,4.366962279817142,1.2245165527362742,0.12251914253709384,30.26222850818887,5.18788202105339,1
1.1523938953735144,1.9873524492996866,9.622520136020048,14.231311697312531,20.76227531628666,0.9950797450739461,0.9319139374501024,0.21202785050222894,61.23133848469222,5.959117965823042,2
2.8669030670036255,5.434624501046348,4.613940336240327,6.223623884170489,39.86935530023048,4.763425991269069,0.878880852565603,0.029541968611493274,43.83327756143538,2.7663151041128007,2
2.4280859866831896,4.22905406327603,4.835399590344439,6.3168235558724,24.405505457856634,2.405111123078537,2.5970825157911865,0.43393524963137375,72.67348363533426,3.0187920891100894,2
0.6528975937726303,2.4295339461958005,6.045073227375671,7.577441905364877,24.576568185688394,0.5418963084305916,0.30259956998551885,0.2778328995646543,89.49106425646659,3.6530501219680067,0
3.1971524272790646,5.079734694843086,9.528966500269387,12.771162470605171,26.975553622320156,2.490771833366871,2.065072428088823,0.8699059338903209,67.41993749428606,5.7891634434627735,0
2.8966266259387745,5.30684998181718,9.010555465138491,8.209920180474704,37.502680093562404,0.7073112635396042,0.6011781492237116,0.6049408131977551,20.44667201975755,4.527478854335312,0
3.3293197051925416,5.232571693451391,2.8205437006687184,9.24926605238866,34.02454299579251,2.947450645225029,1.0990670908427833,0.6140907379757017,93.26819023605022,3.098639038981638,0
2.567446328520424,5.5946326681977725,5.14184594617133,11.00469254259491,23.533902093935243,2.023493123466731,0.2784747989910269,0.5319106968813024,26.44928733474785,3.9292222937508847,2
2.1856116661816856,2.2612051008668077,6.426969517998175,17.1779918601557,31.56097797918388,2.6304572011732192,0.8829235468808398,0.091850337229201,14.989429532815812,5.42702758347488,1
1.5220263233881042,4.775209643731392,6.02505978041232,5.207932038692902,27.58706496342285,3.259266623344027,2.328421106240002,0.44501868372535525,8.996727886096089,2.9650982622656357,0
3.271276843403645,3.3026974863707,3.5509045434951414,14.740682303549336,24.771011461037467,4.4096049311801915,2.66654444118705,0.9995051897085165,56.33837406661656,4.382323983899963,0
3.0446172243013883,5.209992764450307,8.870534169345238,15.03314796561028,15.769473183530515,3.4785570941236785,0.7424287405168644,0.8352292908460148,11.376246248065181,5.868964440839026,0
0.253743478361044,4.642453385808066,7.415526263974699,16.97983670534955,23.91808790364673,2.453219908151813,1.4442887338508734,0.8934590541671159,13.877588411263076,5.840949796329531,1
0.18964771329065683,4.882237232498623,8.703266998814428,18.9912940859047,17.37455761067724,4.187425341516643,1.4639397390178985,0.8232263592464995,30.003048059549663,6.663893332853217,1
1.3799754473853687,4.280809188405358,8.870114234795778,5.302067734239348,37.44526449554964,4.575119619079095,2.6333683867032294,0.10304169343098268,28.16530096844638,3.826552058878139,2
2.855881324658232,1.8871438473485345,7.986846829325918,7.306755582698242,20.06220440489041,1.0389198489448874,2.3121172533398355,0.22744825406479963,60.42395103321423,4.084166669250027,2
3.456738839670811,3.7251345944846914,5.513684809997739,18.292569410839896,38.56792043600117,2.8936983989875618,1.5879239332673447,0.003121651356409627,81.67452794726815,5.5582672392803865,0
0.6114174297519958,5.923348697622541,6.884374040123396,11.877778432805231,25.991658702841335,1.7803038188409985,2.045166881368143,0.30351012487811146,76.13496562028924,4.729974820434554,0
2.1200444321972594,5.6869403324855945,3.282923248957945,13.468859584001953,28.94633136028481,0.7117753904462634,2.557329656337164,0.10860740234649258,26.248445471647674,3.7791157083720157,0
1.3950289125454731,1.2158686789850583,7.3891633397992615,14.94540805584721,26.28821333467983,3.508460128012934,0.12766296667408034,0.472793345301583,24.53104979859799,5.373982431565332,0
3.397708952569651,1.8240740786471856,3.434026045914246,15.18599906743456,13.881418509001026,4.382468498566515,1.268381090045141,0.6771274885739019,96.57915301069676,4.492570584008057,2
2.9632043386614098,1.6586438672728097,7.5515967240812545,18.97610604974762,21.27463657023823,1.2330619451482732,2.731005185103528,0.8745052950380771,0.8236241591960125,6.238072158659103,1
2.950317596017869,4.629899549926478,3.8367852860317493,19.954241261175042,12.974383368328718,4.155861459307552,2.246907789447459,0.7492171650908982,87.97205330602158,5.555643430980777,1
1.693556743302899,5.088926649284725,2.94041040120176,15.802361913964104,28.68862132550145,4.340280800916237,1.6742399855688166,0.9385855957785052,19.972851912240497,4.290231178045771,1
1.5103863079480617,2.0675568315533597,3.3222759211436594,9.308318138077261,23.406225856013165,4.614531991999176,1.635969128401887,0.053898290393788795,94.72843230897678,3.1533113589642383,0
1.0295840445644011,3.529263464759145,2.015937081752562,18.196286034415152,33.3395491471281,1.6937829008872358,1.1085332830528696,0.01217983541654144,34.23072848275197,4.349166483940363,0
0.2916766886131522,5.203515140056,7.749916942828242,5.738313718111424,16.614114429981093,4.567788793354501,1.6095095475603922,0.6613381138362127,44.03517738932523,3.7370109814059753,1
3.040056079267181,4.6640077238312525,7.859208392467033,8.466212793117442,14.936981752880047,1.942982396313945,2.000611278444014,0.2893524102222462,70.7120613944381,4.321011742591361,1
2.863863431042264,3.7111860274592416,6.119466799306076,18.460785761955723,22.189966928913034,2.985521060549763,1.3132528114435,0.25350101610577314,58.76690514732603,5.7549981108461,0
3.499040089172844,3.9517384522938643,3.2909024084430696,8.842872716590325,37.79756149655144,0.7272836187452696,2.1710441245373047,0.33088708769379427,31.79393297068228,2.9174044823017917,1
3.4885652460512784,3.5418027345814,2.668434700085518,8.309765894326226,31.312654450372353,0.6974648976593463,2.597573459055119,0.26979605789236416,55.38309158678235,2.6825920752297208,2
1.9884677990489334,2.4877422565941028,2.153031731498296,7.071879397103709,22.56770874378756,3.741679457294913,0.5485860597360974,0.5114364063015873,73.07068843628862,2.381784745439414,1
2.7145572116137355,3.8251099642950805,3.3259854157217656,17.886676364703746,25.518165092629317,2.5001599009000595,1.4094863661705308,0.4401484472241325,4.23349459024921,4.675861070872853,1
3.3122034816002555,4.444426510250453,9.126844279865175,12.500873887866302,12.52639033531295,1.653315689161479,1.2832582647267352,0.5124285513766563,1.1199305255704117,5.344073563384855,1
2.9888011283031988,5.366614579304039,3.932294733613454,15.123398045812323,39.5372768912834,1.356860732112096,2.0936479317442114,0.6727136115004362,45.80669390728913,4.476330833268455,1
0.940983545926872,4.18145676989624,4.834170617737725,8.585995761125446,29.992219140847567,3.514790708866481,0.8246156492479951,0.3871305089711483,13.183661780351418,3.2844274246816907,2
1.631850060054318,4.80560768521579,2.8427638758506655,16.370606315168246,18.562122053902677,0.5018069481140295,1.9567276533616011,0.2513076871421568,66.43442914647144,4.376515250656694,2
0.5391420115150829,1.800358174772865,3.7788904379853623,16.40008317443148,27.57425182645733,4.126510261385844,2.644718801021315,0.16620053680874547,21.40524562274342,4.511139610511884,0
3.3437734926796563,3.3077873720989492,6.153796566241641,9.688970373624503,13.28447098206982,0.8566232275846797,1.3125816394015057,0.3494741195326255,43.2851106795671,3.983683200542619,1
2.1609937571329922,1.0466580991354664,6.8620214647652205,11.160239495154244,38.975100064227505,1.3617032670865374,2.741945529939738,0.741806475246172,19.767093687426897,4.49831691457193,0
0.8773855387117732,2.233394322608115,3.9628185133296885,8.145354161453014,15.243549636500978,2.2380637788459032,2.9801748429070876,0.7567049101114696,54.848358574912446,3.1338024440365406,0
2.383782326979913,4.632308575565024,2.4618572738009377,19.648415349843564,29.440909541656424,2.681864328722466,0.40766694484906096,0.6669053866842103,11.60534593845689,4.836437367261206,1
2.201636017556846,5.9590497567468175,5.128262953019189,14.684038655876174,17.363633876167913,2.097478021162738,0.77585424515609,0.2340281753068746,2.310685278748026,4.52902430797861,2
1.3177532413116577,1.4958904979360796,3.873626967410673,19.018158210732732,31.526841479456074,1.9432047424293226,2.8561012792980702,0.5880862458546977,5.113163810669718,5.098676472972698,0
0.48609581347873865,3.0074715793064413,3.7564313858384155,9.550783154436997,33.30464101720843,4.837622054329348,2.8791502907960216,0.570689661576848,95.425844151531,3.437501511408887,0
2.3833488650155186,5.000354843495797,9.678902421707642,16.728363694953345,30.202591867342978,3.387108565595274,0.38335109862159966,0.4842661981097255,14.228621861093583,6.388882570708188,0
1.8690461830728973,2.0201781731444943,6.9304038874057925,16.48787965827113,28.434983807655776,0.6054482991532469,0.14349565109369639,0.5499789863838642,70.84782531368351,5.699236371093787,1
2.7258825319011737,3.7754247465114315,6.455027545376767,15.374834777998123,36.77407281856035,2.435791587999409,0.5671900674436245,0.49179063262366807,6.792620422282624,5.130211207004236,0
1.8685559037807775,4.665356480148374,5.326200828186575,19.484584629002008,12.358801329692742,4.437539148847867,2.9884370718085203,0.5654563660741082,10.816035223518217,5.64031655314175,0
2.9974171010830366,4.079927251300895,5.431554667441154,10.903330041594733,19.927442973405856,1.856552838848006,0.6219988881709919,0.7155059546211288,50.887625140933466,4.105896474898319,1
1.976483251833251,1.9401236730770806,6.327240030704647,6.960759853846359,17.448624388925378,0.9255035514847471,1.5573880594938672,0.10962819440343974,46.48709301543437,3.451710897907657,0
2.007189103220313,2.776922843428697,7.571438456288858,15.07563288866091,39.640418861962644,3.91273147215463,2.560411406648482,0.7496257521490237,95.15803094398696,5.721957357880606,1
3.080622249038373,4.918958922426986,7.6171687694546355,15.939647007158092,21.681693390006203,3.227062243712366,0.1591646709957984,0.1358861501275942,94.48354530207374,5.783707898199749,2
1.47184174512215,3.7711325706600833,3.3735512616435965,13.62590860188222,31.978380977211962,3.0664062852192675,1.8530180485495324,0.0666279984103747,77.9608642542465,3.9844552913143376,0
0.5556517767321785,1.0261480677145638,6.000902016613016,8.102268397000945,30.541754916430136,0.7410945182333357,0.9033738017219105,0.9760796862214676,60.21018301273497,3.796570770666592,1
0.19786109946535252,4.804953800140469,5.295664760272816,12.566839125040332,16.362437124321332,1.132245544079828,2.6007712576752215,0.9569917688704415,45.4960317393011,4.429953702081904,1
2.6674666692903046,1.1765567747011954,8.964215730155074,9.682846048536941,17.169930406346538,3.301472282959012,0.9220373328658296,0.06043654494056405,35.617853432842104,4.744774798040549,1
2.20905247460178,4.728668913656161,7.051351369747011,11.411997922500337,18.438536906591025,1.4352072865647612,2.091591588817536,0.44325344147496215,94.70875469755555,4.770581947811829,1
2.49387121153736,2.012402800826187,6.260032531327854,14.678278637669958,22.333818347781374,2.7683153588679095,2.055236934097451,0.18624493829977473,60.29088114246856,5.031787118019708,0
0.8240781491302964,5.790367400596901,2.923157137431339,16.178221140362517,17.029751969515804,2.9519675871322706,0.742331291692956,0.4853448971344181,57.90725276859945,4.3833821070345875,2
0.5636630169950172,2.8397037565104224,6.845103114587292,8.483370363520146,10.589544482405435,1.7757823562192274,0.20091767961821533,0.8301772429995874,23.190112176891486,3.985810792210809,2
0.14945186327079857,2.6346580816903957,2.9376312454418674,11.0798804097043,36.381791704215864,4.767913199936718,1.286823763977652,0.9506117747428903,4.669781788511306,3.301397155887533,0
1.2919976999424299,1.7444402516622235,4.6976526045260165,9.037423564874437,38.96829494142652,4.291088480760088,0.9386601407010221,0.6342526534515374,94.51885797595445,3.6271875989508633,0
2.1057201353057526,2.5280210774510743,3.142735718514655,7.979474207928037,20.247111610947037,3.750680784347593,2.446035473879755,0.35390566721181704,31.37352588446539,2.7036172682357638,0
1.43362975333909,5.383253809141003,7.536589176194951,16.750808299937574,20.155206382764185,0.8509723988423409,2.421056146520501,0.6033255656445984,44.25890233244587,5.864580232972258,0
1.5874147348806789,5.981671688136236,3.650016910689221,18.638790416554887,10.212754383231129,0.9775850868905875,1.4253694613586139,0.31200130610845034,11.463994358570684,4.919555400815145,1
3.1741395612787446,2.8415476525342416,5.134874985504208,10.55348278526865,30.40752064991122,2.7175160563923004,1.858885453437335,0.9098236408320604,83.6924329909292,4.084201079844192,0
1.2840685878792213,3.2430531547727126,9.16539822095023,16.269183865606504,34.76319687245886,1.2232100713594356,1.852352596362083,0.870400463105837,2.7631832855930627,6.185825881884317,0
1.8475642631433566,4.6103546910136854,3.6345310671917623,18.454929340466165,14.398249010800095,4.902194585882634,2.4987586304401077,0.558231750279661,83.39907620990965,5.143188766936422,2
2.7644202433198863,5.430978902325372,6.062440511670233,17.691863157953474,14.789990481014522,1.2133410531233424,1.3325070009572728,0.32479891538036054,14.028501278796679,5.4641500720042275,0
1.4482454598923187,3.9652216709339205,5.354173289328176,7.7422008280883885,33.702497499143135,2.693605259587883,0.8987953713924762,0.29338967558297835,88.6564112631152,3.4793393213220716,2
2.21509478077477,2.957628490889147,2.144992328365838,19.34437822270042,28.48872245062434,2.1385447557867745,0.8686012626075876,0.03341799470505946,72.97726373361574,4.7379887331916954,1
3.0320366097389337,3.0631092042431187,8.342064908582502,10.650146606441936,11.34581672883151,3.377238896543441,1.654957609918392,0.8158208510252952,16.46702625073051,4.845214042820389,0
3.328370120435983,4.478090732484034,2.552367250516798,10.088609917607545,28.676409713868452,1.080663840002412,1.4025297879234164,0.45038321303900797,56.58179928594681,3.04325419914219,1
0.6000498351587289,1.0160913180213935,5.794040167815629,5.936469909166705,19.26753168531298,2.436423926190759,1.3763502358563149,0.3251329284002644,31.265631435521946,3.0843295121646483,1
3.250397925549081,4.097946687299204,6.4854263595115995,12.292604811573245,21.061754664125377,1.7361726476321464,0.3642982833601509,0.4711103549977539,17.823309891158345,4.551840870841154,0
1.77319539647043,2.7774650522067867,7.027411652916697,6.635204234613931,33.0919425489064,4.494881861022597,2.1839508480015675,0.818737990454652,85.91821994111083,3.8567666007120582,0
0.9780309202164583,4.9709866563854215,7.509053034463005,8.72809731391139,34.32805578017832,0.6826357046061279,0.7198363951475409,0.12461420770752119,40.35227665072294,4.144315044614852,1
1.6610615712100885,1.4649531991156608,4.026179068181721,9.754139326509222,22.01069880519492,4.611773723029066,0.6711655276052919,0.8576559882418273,39.85437143653825,3.449775897714341,2
3.432110755970622,3.9410113347419524,2.079830213267595,17.13239485237526,38.41458808019064,4.248473623488502,1.2969991288044411,0.897508835108354,16.988667480662002,4.280895803918988,1
1.7749015195757567,3.404864449430619,7.787549298839296,18.13232975593845,22.193881538562167,1.8390682239836695,0.7605571906916241,0.9467079150338882,38.306567608577865,6.26699202667199,0
1.217755474977528,4.211627629526137,6.285252794780629,9.536994761922045,33.1550810569033,4.051807946046971,1.7931889751932446,0.3974879924226278,87.16168463288501,4.133957443201778,1
2.2535629046768677,1.3242679724148418,8.68894162565799,17.88047181866861,24.51631793692777,0.640461021524364,1.1772436840699674,0.21714040403767187,36.31287104896359,6.335143545385544,1
0.9164951038458564,3.899918937140656,8.571106903205553,17.858464060546865,36.925969795662525,4.850894976320271,1.4018439955190913,0.3736408184666985,95.1603562499788,6.503234115514315,1
0.35793531556945735,3.8074229397976187,8.746609342303065,16.469764255773104,37.232837309505356,2.869677241654052,1.6577910326516838,0.3329120962314033,94.63088992083874,6.268410742854337,1
0.5381910544962074,3.8033004720808545,5.880757279836321,7.200426710227723,12.622504236132515,1.8647646172945036,0.690253015197234,0.17615391250286005,14.489865930734602,3.283012906289217,1
0.5353558524564263,4.017438332982274,4.669027166694925,15.354842703510934,38.09479993930677,2.1316244566760467,0.5516797063100364,0.6072666701014879,17.73112535226449,4.646323400787755,2
0.6164691579418008,4.382339686131811,8.33246562073096,19.17536096870853,34.766045245612474,0.7988240905722381,2.653223518333454,0.4766241605086289,86.26740703318892,6.688938933162287,1
0.5720123870079945,5.024944998403849,5.610352904234039,15.238107181507356,33.739321429380006,4.952072813189177,1.357798738211121,0.8657009923240037,39.27609189247192,5.0216957817139,1
2.2789741323309296,2.3491036006410715,3.467537571227476,9.974252736617508,16.027340190565674,0.676813753178116,1.2950714679343636,0.03210958048205825,0.43739822830093367,3.0428459294730588,0
0.7183922869570923,5.1252470509003105,8.839792156491795,12.50868976146247,34.153576262639945,3.4470820541653655,0.2032752357912403,0.6438679275551263,27.3871819705371,5.364610730662669,2
1.275268763301135,3.491278411317268,9.060479014178778,14.685875650265805,35.50398204055111,2.4923116746790623,1.5441312775034404,0.7629488785115611,59.762899319556,5.987197307967774,2
3.14908059368044,1.385291395671656,5.730478049121361,12.658556130927554,18.67451003362453,4.770122981849218,1.7070921926719003,0.759486569188307,79.9265965959968,4.64253174454757,0
1.711469576893766,1.292754646219896,2.6055978184782997,6.799294125964547,38.56780235086971,1.6069988313805783,1.7206385257685328,0.8860739670955251,13.338861709325956,2.358769549283482,1
2.3696963109714924,2.671191593480304,5.10260871933545,9.68096066978031,11.495804391974927,2.894390707721051,2.1503903910363644,0.7290337428294941,11.054136441673535,3.6459439076476166,0
0.6858875620855414,4.924484885557337,8.428301275700827,17.035940458304488,14.49727759741419,2.6706029386223884,0.6146973214739341,0.9278100616476963,92.20926535723316,6.397868282772385,2
0.7537826639494806,4.538404673704578,9.214192228369829,17.92127069143276,26.12743414154543,3.6628989982254563,0.8314470892687945,0.33265659982089146,75.11483678225827,6.640387637108453,1
0.23895329530602813,4.943074823362032,3.6277819399807667,7.059500490733553,27.273774133669292,0.8060460437858923,2.4511183491681967,0.5032094167515431,58.97796007780784,2.7778104437246727,0
0.6743792144453594,3.586345282208047,2.535788896202172,19.285801285980867,29.354502499027102,1.3720510851050969,2.8467947888458425,0.014079663282890675,76.9186789995928,4.851468895712181,2
1.0472071527086593,3.2009949897774526,9.01880362506271,9.93233926772914,10.509073879463994,1.4655416904178242,0.4942049673652299,0.006957587303291213,42.88543613066385,4.82215676691729,0
0.7018356465409391,1.7372626335314196,5.115239511831002,14.9347060809608,38.81100323866391,3.8216783967876036,1.5431837080651327,0.2401266204515199,75.84557473091266,4.7970751180245035,2
0.4015886147739891,2.6409637680465576,6.334087714140506,16.27737718935022,11.33764278202432,1.3511241334703303,0.7211111329448018,0.10080719713908526,37.18029912745357,5.287404088922373,1
0.5101619617420428,3.1700968308693764,9.74452649640607,17.17919351956825,14.291858581702073,3.080712937509395,0.2742121882294491,0.2602113679357536,24.409457249260235,6.484467298170403,0
1.6666478113112677,1.4430021483980862,2.532517823313783,19.186245533388952,10.42043552578171,1.4685971922542915,1.0439596805657927,0.1770432945283974,72.90134212929686,4.8511171389654955,0
0.8015346425796945,2.103059763556056,7.1865440596167645,9.69379322043234,27.005752998822842,4.3773122753779035,0.516694113034217,0.02852002483864824,41.96722921572683,4.226327554586408,0
1.3385175275634567,3.991126470318694,2.5928433805989366,17.877596818273318,37.96800651762916,4.739834545203373,2.158805912959314,0.9093041464060494,98.13771043261949,4.829646338413413,1
1.8116187209065133,4.678315571195949,5.003751427732003,6.975303551543106,29.978414982413927,2.8332183872400822,1.647803699647189,0.008223131388891525,34.9485182308101,3.0026763195984305,1
2.447342417339842,5.991737556964749,8.430516361547575,15.57561359530389,34.679724054412816,2.0853899789413024,0.5171199658719016,0.7360821443370854,92.17274205310659,6.068012282551789,0
0.2336612754597364,5.665566656717789,5.467777862045075,16.12966594270979,10.398436103757403,1.553259987578746,0.12680060637599166,0.15214788691951653,93.29625485670795,5.176584889109508,0
2.817995356290745,4.2128259976759574,9.977458831223604,15.165848618019806,26.260458954391783,0.724014506853697,2.443655442170217,0.9122296219996,24.185294706474615,6.281409181490387,0
2.2348613242690862,3.10624026647036,6.472474279572817,8.784721042027295,23.786889325165657,1.7082503428887292,0.6109637778763178,0.8927959395898858,79.82211815880133,4.116712034671686,1
0.3779807086261645,4.180886823541163,4.569297221087628,18.09564720522805,24.969038326623792,3.4440610097539306,1.8580282624402213,0.6539011463692573,43.30745051445651,5.250621188189119,1
3.0701673219630425,4.92825809040116,3.760890607238025,7.532876950555925,12.166395560055639,2.9012761908914486,1.0770735479225622,0.6722341498006051,91.7524727230348,3.0445468204118185,0
3.2309661618081646,1.5916809546169366,4.8041642742892945,5.804521872812463,30.533060832079222,4.748185752264173,1.7979092211136032,0.005339141969688543,45.01242726352388,2.738258767033791,1
0.3076650635065368,3.049524448481441,4.9802661900764065,15.761974859178682,25.096612445759035,2.2832476812126528,1.0153955182487397,0.984871566113602,74.4303717337366,5.066740257282589,0
1.0413840037004927,5.199011428178086,2.549709421791688,12.132135728491004,32.95446549583792,3.6223850404777753,0.3521247260075371,0.8778326035758144,46.69674091637979,3.5069967157000095,2
2.8410843512964084,2.91916475966522,4.956593595414185,17.73647029938014,24.55871902185146,2.7019523636380463,0.7465550248174854,0.895106225730092,22.780075571285618,5.281633610360159,2
2.6440829473044385,3.8593613561359326,5.713908157913799,10.750957115873884,14.481449086792963,2.8065929716589526,0.6453698427893192,0.6592445370508719,19.935012894468628,4.0560178166424965,1
0.7273714658116829,3.938846804310991,7.781902017910437,7.5241788276156925,29.44770862233466,1.7049844157185288,1.3412561220749672,0.34478692865453653,42.54311942563456,4.03599311490408,2
0.811787699344815,1.922381265668197,7.253835877772864,17.546632887048048,15.171590863154986,2.5472784957889987,2.009022971935856,0.8936486490904808,75.5494657014215,6.090855467663829,2
1.3596051494906989,2.8111772082614417,7.670125241833234,13.233644474601075,36.17183690064445,2.6185324865571826,0.8650376173444368,0.29151692815119234,60.50714851807668,5.187591298654653,2
1.7473781496494725,2.6725564437096607,2.066909455014857,7.837936885855323,28.393487172077243,3.679891347870203,0.13500281237179207,0.5627115433422029,68.86292899005433,2.506791309314125,1
2.202066223203006,1.1309835426603239,3.7413391966442884,15.805759978796686,14.716116506708627,4.7328799963375126,1.6049183563677951,0.0997309723438824,28.232635073194245,4.388197854440984,0
1.3543063745372264,1.1209588194567761,7.293474307198852,12.666704577342507,38.87014172443621,1.9819457486712693,1.856702519141019,0.9219556301327502,48.14353459576055,5.050204937441989,0
1.6726180348527029,5.158485218378868,5.871914945437977,14.064694733604798,25.55096390005962,0.689902108615843,2.892324432605248,0.14077045777121333,4.4395264969327,4.615986101397394,0
2.6414011896547724,2.365354049864062,2.0425078053467676,11.913475073098727,12.18695355614965,2.733328064752879,1.809465328970416,0.22489680573040727,81.75324159581207,3.2856864421572936,1
0.22472288982803285,3.5903938311940773,8.43595713945458,17.430634757270095,28.804987132452016,2.9500759946712587,1.4664004221966114,0.558134158128215,98.98921622398747,6.425508573587999,0
0.9582856107696706,2.4936278679438653,8.1824765863227,17.443440735245748,17.59596721038431,1.2579824800936186,1.7628647151033412,0.7640930002129815,40.68790626246709,6.2183134417759565,0
2.525388592007478,5.703396225576703,6.387353303948501,15.640832327365793,34.11080355631907,3.9220907282423,2.7909118265998782,0.619351305936299,1.096365313154335,5.171531813784432,1
3.143703248136478,2.2964837943288687,2.531706606210177,6.581020660946934,34.534662206985715,4.932180987986713,2.5022966222447742,0.23213391280015616,16.979263955094737,2.1730806884777554,0
1.8397033031932648,3.1482840636946756,8.132120396260678,17.58280792856103,39.368420675639854,4.755986226538075,1.0366383267550432,0.0009430425274903342,65.25268777504188,6.152144376421034,1
1.9091858499020733,5.3636512524230096,6.669708701850912,15.065194707993648,25.05608593073511,1.3869771747064348,0.788037654605698,0.7571505803074392,61.207931820385916,5.349005463676649,2
0.4643848385552386,5.209667833959044,8.255679817263673,15.455362490064493,23.648706391832114,4.439134579553423,0.8616374758616134,0.9852073259110937,78.78647195855439,6.001177324249882,1
1.621202047199746,1.9305070892313867,8.013975939166723,10.444742606058075,32.60426816339442,3.670221363852581,1.5628210151741178,0.8099131203060904,25.388401096106815,4.731289130311171,1
1.9108987059470788,5.013216548978552,8.424016575662698,18.1891933423551,13.974119690257798,2.542309537131102,2.2577434085628756,0.46020661815661534,76.36319155471341,6.486174539465292,1
0.9243997123580808,3.290934433689463,6.144064531236999,15.880574003522861,26.407465413793727,2.9327494744612808,1.5593357008305901,0.9037672613991066,68.79840215236698,5.406482818812595,1
1.0154269852278952,3.414844360426776,3.12259614554812,6.688856997937917,26.38742800392553,4.323200787421062,0.2966095479015265,0.40984767311835,32.28144977138433,2.4533641271898428,0
1.382766154555717,1.6673998620797188,7.369259787037509,11.11667051609244,12.684193684311616,2.660607228372679,2.198384031275945,0.5249340842434675,54.548814805696196,4.702745300595524,2
0.16824207244426964,1.4030075687856232,6.963790280415765,18.295705429402126,22.539522565207406,2.179433160973071,2.4373133731457663,0.47712976739568325,14.727380849832672,5.88788626603379,0
1.1950691629828063,4.6396965348688255,7.938025497592697,5.707950525460685,35.59854395701606,2.719613718616936,0.9395438088471869,0.44762387266552495,45.256450343558264,3.748291879933726,0
0.8189232237882518,3.482305761776499,3.3590480484058824,19.42124929463074,35.68460865983981,3.106084118157721,2.025964643921716,0.7751907692939057,88.1197339555641,5.311361629173386,2
1.21349099740491,3.1842535130758978,3.5598015992023138,15.187438524793443,12.97712994759043,1.3508494420025698,1.337116513057741,0.526768907269492,42.11913798253908,4.337139380120898,0
0.5071912481854541,4.647541143261984,9.123276137754628,14.47063966465065,12.721626482434925,4.554084786201458,2.6784461316095842,0.31671712202521607,83.9566706475422,5.946324210604188,0
3.1277927545156428,4.827564494955549,7.999822387616566,9.058388847319872,17.880864310058058,3.533841269733262,2.5511541186661457,0.2581581676584783,59.02533652596944,4.440332128858549,0
2.1182143420837654,1.7945408383467678,9.265827909602583,8.731876831087657,36.24298187661981,3.3497101280187,1.6237527950979627,0.037747316967433386,19.187671310235675,4.5912362164225,0
2.4089478850912647,4.051125747388206,8.069722569311367,19.130873292328932,13.867077552204968,0.9477330178128716,2.105366082859424,0.583195161883046,58.11062446978964,6.538062335045175,0
2.78318221126495,1.6767704113884276,6.777242447922415,9.47408681351184,31.59990407882339,3.218782721776663,2.6617141329641014,0.2299614154010342,50.598332915706344,4.1257773789064185,0
1.7947034763587948,4.756875430145229,7.233061896222989,16.63257945078499,13.034968588393097,1.0443229800732154,1.537579329226999,0.1481339220163831,39.8641335196384,5.645653643986087,1
0.39552897949724053,4.284775781335698,9.11302339152008,10.896826973106187,28.69413561243476,0.8541395383792958,1.0084271474175837,0.6538299638276777,11.963043951607034,5.079927536697618,2
1.9261622421830624,5.78307310541729,6.630454036095524,7.08881106177056,20.682018973574344,2.8728990303907698,2.2856317999377858,0.6812092578215488,41.670866384722984,3.668152873901248,0
2.095259801270989,1.344790081782106,7.059130594627099,5.160729465430384,33.66741888897601,2.3125349032092273,0.7381921388756061,0.752154892257666,7.276237623962711,3.3221447627976275,2
2.634494212226722,1.2852736057562715,3.2518137280288046,13.163860055228762,17.010713464760908,3.1496462157030045,1.226740329217522,0.5035768963385915,9.876905139875126,3.7386622241417373,0
1.56764245718091,2.4109353734660006,5.791369760928822,19.63668227823399,29.176054881698796,0.9014997562575737,2.6106089876097016,0.8940546052038866,41.591653293271605,5.968333264846037,0
0.5337730295049168,2.30852841867953,7.731176895664792,10.537042907138067,17.07047603727655,2.439423782812663,2.2008247867810136,0.9363427533982278,30.53814819684637,4.705644645397236,0
1.0648380797156631,2.2348939953599993,4.167541586530923,10.357885009895671,31.409808493364615,1.2865402177032108,1.271051915217748,0.8073709397924894,92.55443258622235,3.760976963655576,1
1.3344798077553595,5.531272902605183,3.6180334441962794,10.161374267741632,36.21034103682246,4.941950386658524,0.7227590569842365,0.6355934820081872,37.57058053802705,3.3575153248229292,1
2.296118620527444,2.2477309992475307,4.510614465795324,12.808157559572876,13.804053973802802,3.025175955958285,1.132308333413486,0.30372095359118867,75.78581220721001,4.202917478993041,1
2.0406462358743003,2.359748630643155,3.9320050239426676,11.609973251364403,35.99787065786511,3.5934658742339027,0.9239020327595556,0.9829449216202212,53.02475263662427,3.857259399689598,2
1.3107288680526772,4.796991312089819,3.719301096291167,18.19871940090522,27.80725763242894,1.9643822630717351,0.6106589350371764,0.27413616719193834,70.40856686423355,5.021587143099482,1
3.454151845896131,3.2486992122527,5.3988067429446955,12.582811875852354,13.81331472601072,0.9263251165070487,2.2556654493404045,0.20265692199043106,26.01159830153992,4.254770577356586,1
2.1596343858134164,4.883552784775906,9.262708111068273,12.616367572828532,22.82625566079136,4.891418882525915,0.8310026718654974,0.44215411378658276,94.19049728383291,5.673088262495003,2
0.9065710919023812,1.326830787821926,6.056477173909746,7.075573920808349,14.825808804552937,1.7881656592243245,1.4170856634865152,0.05684057071238846,53.00884969144239,3.4024525995513986,0
0.44606040690937276,3.4378559683669216,3.5033630465225842,19.74109311365579,31.010436665997084,2.407136833281084,1.2189923958247164,0.9784944646717908,83.13240712852496,5.444323651007867,0
0.6197210732267289,1.168068000916413,2.6157733550469926,8.749593363032446,32.76604403253849,3.4243876476615878,2.9480243980433296,0.5884335564164248,36.50456934761135,2.761851098446706,1
0.9362562765073276,1.3132660172767725,7.569249161103402,6.1004610118940406,13.173895608183969,0.6111378395875008,1.2341675080298395,0.5569520916641753,10.021134905052453,3.6323207737578214,1
0.6463166690824892,5.532187266722055,5.062390115491103,14.947193734628131,25.18419558083933,4.146166087327791,0.3319492001105889,0.6557962798997199,67.37116477208488,4.8414285318691554,0
0.7343278817744395,1.6962268555879758,8.574647572682874,13.93049555235309,34.438751680777514,2.914601855128791,0.3604946824590437,0.49702364777720665,0.7759648337424485,5.460226006332149,0
1.0693235735590803,3.6621034113760853,7.2760861491261615,11.227184809891185,38.08489124652989,1.7519773418096998,1.813185791923888,0.03206351709454158,47.52929765655083,4.577263403104646,1
0.6894702240021664,3.055478013003533,8.369931604330947,11.33288350821017,25.4055360022531,0.7772359338161117,1.8381543000409704,0.6123112888403968,19.280190266645924,4.957859011509335,1
3.1490024437298456,2.7367166312942133,4.17556831534759,16.77595881569647,38.50837670834221,1.2312428696349864,1.3144010723996995,0.7161738769564306,62.737550443536215,4.939309684465466,0
0.3727947352495835,5.499166728436363,7.538871379688465,7.935689601494736,26.070669113680893,4.527652364840466,1.352346707704886,0.41674906062405315,97.94198731378522,4.225975108271653,2
1.883338724538866,1.1091169838774475,4.11249587754975,17.303799784173346,21.82571483799724,3.5871090077115095,0.2564044902385265,0.7572955720711929,46.440290632064595,4.985288706410028,2
1.4953492117648493,4.3189484308779456,9.512547835602334,14.731206708425272,35.44609385658686,1.6245577473660042,1.5979848801288605,0.22700129933842061,81.74982565256667,6.090655429191139,1
3.440087297489262,5.816972171067752,7.090994252266995,11.284546606692865,24.78948131374267,0.7952034422526328,1.56374447860302,0.22127659106618403,50.7784186951121,4.5807981713172445,1
0.48093226737137795,3.80084091730921,4.596094401402737,11.870429248758029,24.15707531693569,3.6077689057398636,0.5336930238151392,0.16141698768757395,49.584003110402406,3.9339495770411492,2
1.4527090367555215,5.684112310165459,4.156094898338181,8.849708107791436,24.70937468229485,3.075834766854943,0.40113421972168994,0.37199475978916186,93.04234931787778,3.370296090971207,0
3.396199473136254,1.2612893964301188,3.527412680573148,16.281714990454624,35.40355005609236,2.3203378600620574,0.4583602227385224,0.8470120353890835,88.99658687466815,4.750958969964691,0
3.042724228039533,3.093966595370807,7.557127671149822,12.693121134579016,34.958246250641565,2.1362515213552875,0.3929819148246497,0.8279120621490643,78.58004651879745,5.207085080246955,1
2.878045041227552,2.3007889548102556,3.7497249039834184,9.812818141247654,22.105599773206336,1.4756642416809873,1.8681537670566035,0.3828242079635038,29.625575331678412,3.252922667032292,2
0.9768696119527954,4.654104824903649,6.7624261274199124,13.940751736414253,19.99899579611575,3.5132506544188296,0.669799691968464,0.5891187359802366,54.50084157239405,5.098204457422054,0
0.6810177971262238,5.906485452486233,4.117080215402859,19.936016780769847,24.757840721173878,4.868006125072418,0.8291474413436439,0.7208163164749156,22.3897233305685,5.433659854061516,2
2.3733869477430654,2.282650312221239,7.295751558350949,11.528934194848308,27.18317529211327,1.2907186062657163,0.6033592180391751,0.24120677462802298,44.39166980465398,4.675928670814512,1
3.2598783630337915,4.270873007370373,8.519517828324314,18.810371011679294,17.15011631883991,3.1870247900697652,2.877722382900659,0.16814108589474708,48.42130657597906,6.49682168774004,0
1.9929938362473614,1.9904881637987006,8.224201945157226,10.175252598868491,33.81865254146771,2.408832750856893,2.5783906431403225,0.972095993212311,83.16400401693309,4.946222314014128,0
2.0434831441976593,3.8266512728580495,8.086810647446253,5.8209906038747885,24.59448297197269,2.510099247850992,0.7684350283194105,0.6175573132096185,89.60283653249931,3.9825612872482545,0
1.0519289184449663,3.319662433441681,3.5017792455380166,8.063631595526433,20.021366452598787,1.6436627605751648,1.0499422523741655,0.9814157218336639,41.462006239647785,2.9839292558523676,2
2.7162759728525856,5.860026648157685,2.7070795758761497,11.280427149915262,13.204629788919718,4.213106940476386,0.7086892426844917,0.3377559871322291,1.7704445073237207,3.141071833694314,2
0.7359487450955794,4.042636363482333,7.591590627899085,8.294523928918535,17.16535481210821,2.683650218662585,1.526440282436389,0.7030316999741315,86.17738397893547,4.335520466085065,1
1.2005094037744286,2.747531860434094,4.9467777103548105,5.003405573273833,38.47843515267951,2.9453263348921883,0.1568705441753354,0.22260363654123771,17.42786785013607,2.581518758619866,2
1.5464838912958172,1.5704789244396669,5.458769811226778,18.72502306621291,19.152990604585796,1.8714241075879658,2.0469672258007074,0.26120017127391293,62.188196389039355,5.621440180032516,2
1.8258752875271471,1.7562341436746727,2.2491927423471285,17.658191168463937,15.065778681011059,1.3181380955012738,1.6171586344711608,0.511902121269624,2.4970900434131194,4.31626775078109,1
0.9241930902112727,2.1265846497561753,4.0766115942003935,16.134383472304208,23.820183749649797,0.8865967469126922,2.7060528920731994,0.3196181255080712,39.95064752605643,4.633635740400742,1
0.49044520411329207,2.25483330670149,2.269411230995712,7.51721893469043,19.21263230080746,3.713536134162122,0.576738784552401,0.16762156384058446,98.59603021153498,2.513579559639522,1
2.176108144301551,5.253080289205689,9.03348618080998,6.805453643149791,11.054777508135825,1.3830542675953503,2.4319168135772817,0.262880701989326,10.069360110380309,4.153920803601959,1
1.0813438810168696,3.8061139414126246,3.947173465748244,6.014071242085747,19.69435651838252,3.6053390938495897,2.3966869419534755,0.03574839446586464,42.369315199964234,2.5212239126346883,0
2.076209952836882,3.616954556871832,6.458697356584064,15.860437831593819,26.323258718184057,2.2566940072112924,0.468825448728972,0.7044236214774866,30.714995018995218,5.342726482646466,1
0.6248332319322878,1.5738443593460874,2.3118345652890433,18.93211941031828,26.551371160599007,2.3709866044534316,1.25582175001797,0.4921166570858616,90.50881233882643,4.849924020084021,0
1.7358763463063795,5.300698466747175,7.3347791304452645,11.458037313695556,20.69676763530666,2.6112987324174726,0.593442659319099,0.09424306640452562,86.93401079073551,4.771691847525802,2
1.910804070675392,4.614071516042419,4.584218766032751,6.787110079940723,23.41908268757802,2.1546882865739443,0.8386894513268918,0.1716939931284912,23.769876030622882,2.838336072515537,2
0.2762000251962515,1.338341809500008,9.183353495661326,12.685892310981599,38.96553754704299,0.9527898975016553,0.8634139070085786,0.10253453811264401,8.118778705043116,5.337047754632375,0
1.2444545458593301,4.539175486148843,9.104945511472287,10.232478611879452,21.32045431690935,1.893343145012806,1.713085542674741,0.6125928082758765,62.713839406111745,5.088639455691087,0
0.5570099015925124,3.7176910867132302,4.602324946893982,10.622373865249966,17.74680439779949,3.486804623122723,1.29309170210535,0.0942103636124938,33.636871188370975,3.6249249434057997,1
0.3154748996074103,1.4086267287338914,9.207687165523744,14.31995936233561,17.304011322002804,3.4960298066099194,2.8484251316182854,0.7542823330352161,67.20843906060631,5.978779805913107,1
3.465864790125814,3.291503207643282,9.96926138799023,15.780771698933036,23.732938381124026,1.7880093825799745,0.46647341164631484,0.020510919320391174,3.2119756067814476,6.160670866868099,0
1.196003072914058,3.4234814356502348,8.603325312991585,6.6590539830974125,32.78560446150832,2.570461819509596,2.9237071910655765,0.2493757879958921,13.339923517748941,4.002703318669383,1
2.8535731159057587,1.8288727008163788,8.758970782041832,5.533853462097146,16.179645525654195,1.3705125260537185,0.7688520566213654,0.8906666758919072,68.63722327726434,4.118506932042153,0
0.9657782261967971,5.728490735001412,3.9920698888727193,19.914954540285724,31.278883814223043,1.446674366884261,2.341334415507374,0.718531318122246,21.237065530249776,5.38802933493416,0
2.4171092555613596,5.24987685740331,6.6136191908620505,8.490925233733277,10.634494700482488,0.6037118978297333,1.083012785901182,0.07296833292568772,85.75876757624016,3.954140773319128,0
2.684774723624934,4.3451116866455415,2.538047311738943,5.807457873626886,22.56798933951838,4.535359474584851,0.5149360467102103,0.8211261044851798,5.859088771013543,2.1047082554571364,0
2.1251717180666705,3.311477805003036,2.7593434945733577,7.8481299364387995,33.2759519560836,1.448179992837078,2.5878786372140956,0.4930351215402048,21.54819827855746,2.5606806548034804,2
1.7033590410705386,3.0588277079225428,9.991140896266325,5.584367695226963,20.16198867323294,1.5239024462140849,0.9956966077857432,0.8467830271688292,99.85602484850686,4.5831404879045765,2
1.500259108100713,4.254867335754771,4.6131139954072875,10.877163419257574,26.912113043361984,1.7582064469030931,2.010680672257842,0.6007397744503934,43.30761025867926,3.8094376681398177,1
1.286152106246184,3.7271593470345272,7.985471296390771,17.036026766769865,16.149376984777323,1.0733363226294306,1.7426866867512172,0.6818330320328587,70.29656635446435,6.150103047741169,1
3.2603990904426077,1.3113655294094282,8.453320424214532,10.11866674636581,32.25986173378517,3.376682974316133,1.4680932972335357,0.9935015603957081,18.266304885701366,4.813228703273767,0
2.924105986478279,3.5625132438516585,8.864186168057834,11.662751103175498,11.56837309806279,0.8381432892991396,1.5378764706807635,0.23233554592401817,60.98687349855377,5.221233800732914,1
3.381091496266143,5.032018086164197,9.981026379217251,15.133801603511582,35.57627934626501,1.1039109184685763,2.223489950867634,0.6239455747613883,72.61060683694186,6.363689169930596,0
0.522610559850852,3.29619938798479,3.9319718820549427,12.633411051048203,15.945891592650044,3.401405269655418,0.3545414509579776,0.46032139005739836,31.447663586651053,3.8926810435975567,1
2.5849494156923907,1.2597828877713422,2.3228066148775977,17.921685290319864,36.231940951249925,2.0284727921664922,2.0377239196779247,0.039451952922691436,82.88971119758777,4.5377385667045536,2
3.290357553191529,4.9313909969201655,5.289532143956688,17.99053512568635,20.57587723901552,3.685765220155351,2.6978550940558783,0.014470641502865034,60.34175784722833,5.3688860701665355,0
0.7161924249632444,2.006818910679872,3.0406453586315756,5.148660432367304,31.680507234234597,3.008411351015639,0.26758577135760603,0.11922857781785867,38.91230096150302,2.082508312511014,2
0.32608730904704347,2.293104174440194,2.179407113296441,16.670694597247987,19.576758933585655,1.6520952787768088,0.5078946837776336,0.6490917405385481,55.76423933431586,4.285072119549187,0
2.619810207586201,1.8235317671614795,4.883414617131889,11.91100400362511,37.177350137039426,3.428725777201976,2.178232616435891,0.5671630879133922,57.676084743592426,4.1336860576780445,0
2.0532085848117005,2.6510753243574876,8.269906008601891,19.832608119554948,13.79911376555123,1.023231561317963,1.368116779909391,0.5534295611637274,16.5535292693866,6.607839926532462,0
2.962217840978125,4.783757528443175,6.529445529800567,12.248481138131528,15.35559367817796,2.9138467238601367,1.2702910003596963,0.031856762528260085,40.27323698669662,4.535720950032218,0
0.5752260805293843,3.5969292975196865,4.502223913682832,19.803439180824462,24.790903754764066,2.467166472702656,0.497203240178284,0.46930299636000705,34.34305880194931,5.508244785947591,0
2.803908860323627,2.024406370753563,7.234736043941758,16.318540418086048,12.458153171144383,1.7054311226784835,1.5696331180815855,0.9246228178425285,40.09027225791261,5.73932427714198,0
0.7855328881623314,5.3891503907602045,3.8561454424704857,8.729073269199596,15.879405541052858,3.2180224898277503,0.46698140246949404,0.3975918693106466,76.11105884852579,3.210509836988772,1
0.6564302057433953,5.397909274757646,2.11505156857668,13.075924689304365,38.31299146636043,4.421001165531271,1.4821993233005673,0.6249224697884563,48.253840746667265,3.51944642463157,0
0.6585037129653759,5.352892125230035,8.114827091491419,19.88203459217874,39.29468983443661,4.995071148933845,2.3144843669888044,0.7798186756231436,94.03161532392643,6.8489136269795825,1
2.869554048786699,2.1939810569076963,6.989944678912073,17.862959116278855,21.28777987991266,3.2349324593454103,0.8489666378727742,0.7839252791418876,29.36764133584362,5.914463206765301,2
2.3616705503670805,3.2561967209049403,8.098420996007679,6.460503406868316,37.698580630418064,2.3211764344812655,1.4942798877212091,0.5192800823952713,41.5703578284929,3.9501940701404994,1
1.8784224442150057,5.924948280704376,2.311504133501325,15.595579952149942,26.34474027020295,1.5134319509729073,2.9768463112508234,0.8579519454023363,78.69568104790415,4.220244662704565,0
1.3200236460199086,4.860062381549952,8.696957022645218,10.183693788062197,18.09227397621301,1.6569324022780028,2.091286227726708,0.39137809336374696,54.60245933207503,4.887908861074979,0
3.082481838764568,1.135837106127799,6.956209600290427,5.1047339282052215,31.07196163241796,2.6575474016739458,2.539934636785076,0.8886932147847983,54.70281464244478,3.4496567526124666,2
1.4343133652369604,1.3260229563024604,6.507162805701121,11.052214535404994,29.767054197245717,2.1527496557631913,1.3030580590255827,0.2402271663955453,5.334016300518352,4.226639230971999,1
2.8764380942033623,3.319656884061664,6.996912384916253,8.521316325874569,39.673759573262004,4.612165351812249,2.3267966770649804,0.28021640699057104,39.85996627184558,3.9789601608634406,1
1.5930586891387426,5.546101029307801,8.915465974946912,17.283039057807073,17.9514186222785,2.157329604450693,0.21747660152983334,0.0531206241990011,27.073373242173247,6.223091848611808,0
1.3816110600446858,3.693508989763571,6.6954920524712565,10.059959132686483,30.161785079852063,2.1805006601544594,0.45644242937251045,0.7955818365422829,99.93351228311154,4.479556346436464,1
1.673111271276662,3.4890625401714512,6.647603039105435,17.412855409307255,11.560712650883406,2.2259053059528964,0.6889047194681801,0.4170552362327056,30.835507063231027,5.652769562029316,0
1.124684772158083,1.527368499783153,9.925433256526127,5.008969082521929,13.409381160901582,4.264790946654461,1.2656605813841368,0.22911661391139904,88.44965347938634,4.290596076682662,2
2.6418718925992537,4.283900523621471,8.053841336548544,9.617287250391787,10.117551248532799,3.428547443811058,2.5526601471447132,0.23179027761657967,67.62337350404775,4.58883802707838,2
1.8092493263144291,5.110515803001127,5.538350443609082,8.61747821461643,39.98382043179019,3.263759826435017,1.1041715472849984,0.9013999412292332,34.09164091920904,3.667555687009484,0
0.8895231634991788,2.902100037537812,7.659176000263422,8.503510416029165,34.068210914424334,2.0036436007273797,1.9984014611948424,0.8339166004610369,54.353437837412365,4.328298516889304,1
3.158553549133533,4.8780592546266375,5.113843773534308,6.02279929648194,33.60169044200622,4.180568795745978,2.157011454930102,0.5535308853571833,84.05358799491938,3.1015799324128754,0
1.4052301526689188,5.8223832695040585,3.831003699867992,7.806864056157526,25.29178225864539,0.6726373761006551,1.7999288268561902,0.6161108004157211,88.33682980309119,3.098906570684321,1
1.9480797277875612,2.0188322956384455,6.774815015102075,13.333243548284297,19.0020124871632,4.418587275521509,1.136001707693395,0.474325570550291,16.03938750061452,4.842076490799384,2
3.1820051772794598,3.6166481559737065,9.425456784911612,9.370416092566167,14.537928533880278,2.807374549072683,1.7734546909692785,0.39166654287880887,33.95731412081696,4.88192550492493,1
2.222409186107573,2.435689790422878,9.433116160123703,11.26092173493722,18.54024216539391,2.2921260568853574,1.092570219090264,0.9154768812183315,33.522318021357165,5.365781525332293,0
0.49745333840843786,4.964272095169196,4.7352422248439225,10.653003205207828,21.279136657874176,2.7372527632295856,0.34323384180083505,0.12561270352030207,4.204479607594469,3.588909288021586,0
3.2954292202858153,3.8879668294057876,6.22141972977356,18.13857387499842,32.68930290940882,3.50336988740224,2.979131536739442,0.41844678971622795,59.823775985189656,5.757301379830567,2
2.234207380442821,4.172912087751518,3.6930871885588896,18.579484985157734,26.18985366709457,0.5574444193305381,0.46882911553428164,0.34456190798787534,85.4820052992188,5.149181551094445,1
1.238679089834093,4.989570798079471,9.965048875991068,12.394354574837902,12.324508796664482,4.421983354062115,0.3098103131245663,0.49815072025114837,38.15743878255178,5.682488038162786,1
0.5735250470555167,2.9798523633122747,9.848943262943486,9.952339254734067,10.540870268767367,2.5103278639012676,2.647739172700752,0.45763187454517507,74.0035944984177,5.258687988234147,0
2.7996856435190063,5.575450342035216,7.196071437659579,6.602010560035454,13.069965386021895,2.043349338650352,0.9753205165893958,0.5188895316510814,62.77004136007399,3.771311573715403,0
2.208247370156946,3.6651443362307,8.435312477419787,19.301043190731427,22.31496141092138,1.122105045353257,1.9858612248131722,0.1399189772269941,37.56487354930008,6.531480797465521,2
1.9137677127194932,1.78977411417674,7.7208012902696,5.903404173504462,37.99578751147055,2.4775941846129896,1.0541166160204753,0.5131415015132771,14.105979949229708,3.6418674619321165,1
3.139234782373256,4.479495590844012,6.7452657523157455,9.464754163524207,29.122074436276648,2.7334524707797048,1.2352173853039663,0.24241881388721087,70.93238527759674,4.177811477009797,1
2.7812305181634045,4.966306752191272,2.4267839759111816,9.470993017550063,34.05477699626545,2.31641012522065,0.8601276188487098,0.18433134898819126,85.45651689412405,2.9154696167633776,1
0.6156945910913539,2.5838083853376332,5.638114740421289,9.806019292103223,23.991237835136456,3.553970422221037,1.0948276167997295,0.06483421878619122,68.58544924014919,3.8713614720247174,2
1.159855030504864,5.285896284993765,7.398290417339284,7.4643026490861395,20.849982495851286,2.3940343794165173,1.291031161700975,0.7626525587561409,1.7878484034818065,3.870241711980687,0
0.9448630753691835,5.530716273828832,7.420252911069477,16.74742146385546,13.252011181498682,4.82637910030958,2.1892066003677946,0.42744192085655996,21.623289439099125,5.7259184185805445,0
2.629417394747102,2.3845224368890445,4.984980947379069,6.837467929489838,36.277990665586145,3.1967488302061633,1.5834549632808963,0.6266436833117583,6.947998488353191,3.0091606022390995,1
0.2140102781016499,5.91760736357611,9.533535893264244,14.523599887297442,33.49480087083708,4.1336507104335904,2.836339129755233,0.7275933433047433,57.038609957622675,6.081415243972578,1
2.037624928562476,1.7035576402437922,3.338856257894248,6.857690400587262,15.043542927931753,0.9921015639926548,0.221453142132449,0.6793166653135535,75.64776788404124,2.7360015942005615,1
2.6923595315183477,2.01007834201245,6.002875569724485,6.058034563894348,25.367816916287815,2.2878108182565757,1.5588981356328817,0.4705007190896823,11.057918706865944,3.1397434836347493,2
3.0810031649899483,1.9211241961901306,7.527071812406582,18.641442555288148,24.62124423763735,2.015814656512187,1.7942518876119826,0.3878985289517298,83.83378205933852,6.315491106747966,0
1.2630779456340855,5.469948550039352,7.577086447134474,7.851931494780585,28.752746580595858,3.062670746614663,2.768571259615394,0.3759599096406637,55.55089783954832,4.085356908543237,0
2.8922748358848436,4.271462761624809,7.1891116541505244,17.318752318395564,38.38560681973784,4.375010840276415,0.24255971850214,0.6400487969300563,68.9969012141725,5.955484422952799,2
0.4761479056477046,1.7605214161113643,4.202305707614881,13.169463066607037,27.39314325287439,0.85252197992903,1.7631487963121264,0.4947943549418734,97.14018486086462,4.28496375117684,1
2.9779377918973617,3.201617091841745,3.2496525494929758,6.167847794131545,26.206518003358557,0.8265865912011985,2.5755267927310754,0.8491322479885106,8.368098824769731,2.403396069746213,1
0.5334614519287402,4.07649012534901,7.087522614613687,19.33172287157101,11.509687988039918,4.326429686709195,0.801590411545786,0.8747019843267121,90.12240229777892,6.437908962456987,1
1.4507767879052487,1.4173204249469165,6.794416929115502,8.704417504878387,11.887224280540718,1.4578253871726083,2.6412478107194186,0.17056037800651846,12.610269598740931,3.8511514641078546,1
2.8108042436504825,5.412081842036693,3.434848082313928,17.894680180289097,15.620403739803667,3.5093896450241617,0.15522588689544628,0.13623365154572564,39.29588066366823,4.754524833052148,0
0.6097192529858309,5.018017677207676,7.641113164564507,7.532150086768462,10.974123150752447,2.942951595623623,2.2241184244878163,0.6304009260359995,85.14386963311144,4.180275760829579,2
0.879454743790981,3.526033867883191,5.641375933869251,17.809143232127795,32.30058686710037,4.248021176992532,2.806028341389094,0.3012257480622794,90.62542367378683,5.586362847220151,2
2.5556587325364255,5.835633076295852,7.3420847328252234,5.19843219357941,31.699909119818894,1.0629000942638158,2.0058732187561805,0.01857071876509886,50.63716735451453,3.397937504380012,1
2.548124224256653,3.0888048963754984,8.698936638161205,12.67670684854221,14.081687032949288,1.0840233457517507,1.373184807543299,0.8886426693629551,59.410463827542515,5.500982286512023,1
2.279901951810011,5.920551595182489,3.3578274286153853,16.54163869132335,35.082367023858424,3.005682621252384,0.23015494777088227,0.22690076724380825,70.81473345985572,4.573500320677614,0
2.45942471118814,4.339599994018135,2.1531589439746934,19.02193276239175,14.64358104538336,4.758703940112669,2.768330058635623,0.9292806516858091,83.27586684527142,4.886017966543735,0
1.945263107381827,4.173356366269707,8.232820691166294,18.638032043097304,19.035267609920766,2.367489912668394,1.463859045805567,0.7174344508782536,12.151116953766616,6.3773928570063,0
0.9561168002836393,1.829774476478925,6.8775794012209275,17.294373043214673,17.46930697484095,1.9712394511461273,0.18409055857424922,0.7626534899114843,81.00693082292277,5.917699919460278,0
1.2753663779133262,5.40963879152322,7.597116556976974,18.322870244919564,21.169212957191434,3.230101954390486,2.1004811068534095,0.20146149579316042,48.127615051161676,6.128384160389122,2
0.7174322371248473,3.1374484396030757,8.70523979990914,7.988295287556148,17.639912976698856,4.68701870245264,1.4973280353711487,0.23419442561681292,45.0623425108169,4.391256910139784,2
3.1887319085343364,1.8111670289123967,8.422487478596004,9.262764435675932,24.66852779315356,4.266175247800806,0.46060142058299114,0.5212677538240658,42.389975199699826,4.610722607077901,1
2.0835321022048094,1.063037599878795,9.687361175430597,9.334527873815878,22.222236440640565,4.97967624829949,0.7213882469997527,0.17209985264986216,50.92115852460426,4.96029737349614,1
1.4628948169963756,3.7987784181919126,6.287480630816946,10.655808965025482,39.597084723379794,0.601558624410697,0.2870229733219542,0.3054316926830323,94.50505533946036,4.362007486805167,0
1.670819732390051,3.6369981106133817,5.907965061279243,10.89981005577783,11.67779050384677,1.00786165120743,1.7654512651548633,0.32146247794780447,54.82037727921516,4.181105156966546,2
3.3207633546801723,4.596768111845793,5.215097599125841,13.168329869820132,14.265441291620549,3.242604935149799,1.9038854898308268,0.1596299332527641,95.31775382631392,4.516074501831273,0
0.6213947705946726,5.4512902650890105,3.2295283427536363,7.398196450496621,11.584776817258074,4.192593977002324,1.5666526652307888,0.20518283339516075,18.029013061564058,2.54362139878914,0
2.0931814288571107,1.3970329232151477,6.580857863056179,15.36869995678984,28.775235849471272,1.7835995403804494,2.469596185707583,0.7885518420082566,72.41359788326332,5.422948512326262,1
1.8200215082071844,4.657482451701812,4.21610019460783,7.513498089567597,11.635278322411587,1.5764498961539843,2.5969255817932395,0.16719585454726837,81.22395386087472,3.044640708787947,2
2.1789444004778025,1.9370597204879112,9.370460097703804,9.654627231568213,35.0931921212837,4.041391097215405,1.8853107503810673,0.028457391843922486,67.91288313348619,4.951493603394026,2
0.16157462499085773,5.290885265785819,6.665526434216781,12.550176959092312,25.358158920457832,0.7537183423395422,0.13699379115154858,0.6293549426289384,60.692228022654035,4.817640994677245,0
3.0652212904101153,5.09531756930828,6.742721444064881,16.946608422852158,25.81022873744601,2.1622219141216332,2.1161660016684336,0.97598311939245,56.48127810861823,5.776778575994241,2
3.2692021604442822,3.7039687749277217,4.83939728701608,16.09203849858091,26.847835231365828,2.776141501665484,1.3121977290690197,0.3312138146231214,86.0930482578696,4.994748793519238,0
2.0214528242033105,4.551213993116558,2.41591481582166,14.683015346157834,15.124411189186322,3.0215690345764554,1.7401167013565224,0.1186557031962523,82.16465971645,3.9316026337666656,0
2.468612801181434,2.571750565918742,2.253950122983909,7.336598908702552,15.930709093434626,3.778768205567496,1.9823337458547647,0.5703873253675308,12.228872118059952,2.294268900063369,2
3.2364978960028052,3.3558394946640733,5.38668115322558,13.205680184233666,19.56451968619014,2.0968057554379618,1.1156861815485226,0.9063542110956462,84.85876570308781,4.692987522142801,2
2.5046113566655555,5.108184488552358,2.676523024777903,6.311697526998282,27.804892474655542,3.257079551035732,2.759585664998203,0.7840617798284788,41.40686194404425,2.3463293546308557,1
0.6186327459084885,3.2963259858660696,6.854775644321113,10.660447651949761,16.303533278206437,3.1341894025593033,0.4885271135743655,0.622515868412716,25.369682999581077,4.3891344463675726,1
2.0593804245671645,2.788991326627209,9.04778404511726,11.202747954349388,13.489951813997838,2.964272452941862,2.0473842411150085,0.3150564966075994,86.97685680139259,5.2788266741307535,2
2.16283115770171,3.4710622362514996,9.063318532149777,5.597171591686307,39.10350659255296,3.382174819139955,0.11264278187408325,0.54188017327622,43.20247996337416,4.0764133525275605,2
1.5420442824281124,5.141246262186092,7.272363281057859,9.109821492049576,10.659454444288688,1.6675212698063433,2.7814882056750245,0.09124484130425536,80.83646901768167,4.264431658041169,2
2.6039104011240575,2.6760402368543637,3.689854651783448,19.33474200899734,34.08092216008065,0.8809193911308304,0.4262619863904653,0.67894542428067,26.34036119558445,5.188714965777389,1
3.2768478502146503,1.868807965678719,8.903974650870977,19.304489117445343,33.64105448725066,1.0367225241788454,0.3751642674279664,0.7250960188976509,0.3929321422217802,6.678288218956558,2
3.2469329438830394,4.560070101653904,9.088747482505665,10.28490581378809,18.91642341535288,1.510620721942555,1.0657221358515083,0.9650316229099188,49.545919290294435,5.125249489962185,2
1.6328538627740492,5.129891063540409,3.5732286796236696,5.646501634224861,14.068798480219403,2.7508907098525337,1.1833422295133338,0.26039735874507164,10.022825664288426,2.2834168794739527,0
0.48500935585856786,1.5031873926176667,7.899408686165418,7.686424089922723,14.368859401162702,4.28199237745709,0.721470209736348,0.018456419043022643,75.43759555249096,4.137111494300247,2
3.4484600764719375,2.1993705637797234,4.292156391416984,10.883266901503102,30.922948517115774,3.6558200393977285,1.7968528166886617,0.5456084644271506,27.607513606941037,3.6562445314319687,1
2.952253493916176,1.7098599488049695,8.421122498823436,19.216695469538447,29.28419773258521,4.050682718909212,1.3844508843216945,0.7067905043968145,44.364564660347874,6.644127638415127,0
0.5238531160911073,2.739707057910833,9.977903199228821,7.117985953057774,33.4823702275416,2.079390307667411,0.1991092082191535,0.790407475882988,8.703356509155425,4.601159715084266,1
3.230862400899066,3.251754894527063,2.2402080426351425,16.452737655023185,38.12443517197314,2.320941837418476,1.0269909805403719,0.1937389330248106,28.665924844725264,4.087355504934318,0
3.0576476310112364,4.744131684816532,9.178926926327456,6.630238090620381,30.75782089799776,2.271568486957758,2.4502554493621944,0.26175286903702366,78.1490243258572,4.36652334280729,1
1.8640493942286451,4.25573792440837,6.981044268789264,19.718863660869154,14.675546096543304,1.3634293298202569,2.100134451099419,0.5125909252672963,15.158791190231947,6.186080571434766,2
2.1103364815327597,4.104642837392156,9.78706095331857,10.724247486637026,17.30327850296232,0.7754749616460741,2.2021254753816533,0.33060080997000185,64.71595611269574,5.341235813655063,0
1.4566091931584428,2.761874733048272,5.720076140211421,16.62851808348584,35.265811926193436,3.1591224177225206,2.124539079842218,0.860511486587445,91.74258528045011,5.489056511919434,1
0.2861895719949065,5.2072377654238,8.779103444570989,10.138866242166976,16.27918227502626,4.951475075392637,1.0018217620107965,0.47376015373872027,67.98367597577203,4.960207340479752,2
1.2396706215960631,3.3564358369908227,2.499152548786218,14.41503315738213,12.175669508634442,1.2507336722761828,0.38902537402265003,0.799578644102003,81.10216892922269,4.03597463172036,1
2.829701725233239,5.8955246900757725,4.682232400626366,7.880241271100551,31.098401621267513,0.7100816895467319,0.8901548336959784,0.5806197604823538,10.89716293039158,3.1295334152956653,0
0.11574887821564972,4.170710691478684,2.5361323020096798,7.190315289454438,22.07579066470426,4.007892568207698,2.512177370536962,0.773090141617112,25.073182600205445,2.4287403246178303,1
1.2338971837498902,1.6313237078225136,9.802745067832564,19.07096209352197,37.60120157637711,1.636637030081259,2.943365313570906,0.33267298653032384,89.4538852240591,7.089912192032405,1
1.4537735582092073,4.38088781037717,8.535791258174694,18.7647091685665,29.507652132809845,4.233397124088178,1.532156342750528,0.8314166219303112,71.51056136180893,6.694494219637197,1
1.9271450499889378,2.625520077158495,8.820379369967764,18.312034103193234,12.712569333749823,3.6677150016553193,0.12813102927682243,0.2745723155510216,63.95538263773112,6.555301242652375,2
3.2275090958033856,4.431635983430487,9.503721851471154,14.381501752498902,38.435697017609826,4.75553091672862,0.5061299551892642,0.5460988080032908,66.37667361217,6.0357666883782946,1
1.2775763808442684,1.3482057408120287,2.680827888958283,17.12402316824417,17.756717909207378,2.340172560905024,1.0340336684171707,0.21400711317387422,41.420055430464345,4.3961145892624875,2
1.2796408864471742,1.874407185879797,5.084780740106667,6.035554053670624,20.116374712188573,3.4788642775278538,1.7778975109195543,0.47552652162619335,4.455663161765322,2.8410173265766594,1
2.6075042435731444,5.2786862945289315,2.568279112352017,10.021835628360186,22.067812410506264,2.591846513659718,0.3177715728354105,0.31817520950870315,78.4441542070729,3.073818363900602,0
1.6375409990253444,2.1358977851175744,3.686344812400229,9.705546871357344,11.536728892129398,3.337649137888446,2.835736166258657,0.26670343063721424,67.87132362153538,3.3039674749835863,1
0.8636563979959386,5.1852056262147,3.834926216301379,14.5346798292892,24.895462666918146,2.523195077034818,1.1587426525247622,0.9669850180280375,47.28044641127247,4.3926521735876785,1
1.6382943548511577,2.396380442272052,5.7528576883806295,10.339366602059608,13.699554732258768,1.3488451089083369,2.7464942319819867,0.16007410548673062,89.97596153682575,4.095673332633933,1
0.5789138692913195,4.214409550293539,4.148497339629141,7.227601724655212,22.029109800650552,2.785538372015214,2.3635132279953632,0.7873258374573953,33.615966498509884,2.948382613806793,0
0.6997157541211592,4.470752867549155,2.8078248545420887,13.947006131203155,20.52129363976253,2.8786289064684905,2.2907680902951855,0.9841649594832149,29.43217442312359,3.9168781977692717,0
1.7944504273142312,3.5632737657252647,3.3399287127528616,17.21575881003622,33.1852025027951,4.147717317170725,1.8594867813684728,0.01990148374007783,87.27963250794429,4.710949570104951,0
1.524346528315463,2.526553383483656,3.1782045084167274,10.731852416899597,34.095115348981935,3.8098431760711153,1.9176730694503494,0.699027414042095,79.69876547589855,3.478733615141053,0
3.2104760636315404,2.0632218818554806,9.784614383298386,6.984030726477226,14.602386471672641,3.4870623077364984,1.9502093821271196,0.2529118055562871,51.49798106483448,4.537266764590722,1
1.3321392569965527,1.165946772812131,8.07434005534779,7.950322959692346,20.996535621376786,1.0102419299865764,1.923292022374188,0.040487824328304445,13.073473945784997,4.059684595245821,0
2.0740003909453475,2.5197320062036193,9.742091722156495,8.56224957754076,21.20059483095495,3.7427733079867176,1.7058118710552477,0.4028895789566308,21.507147146505247,4.780176789385942,2
2.2496985789264032,4.265813952656416,5.517923892063268,9.498463894918043,14.542313318082552,2.7513732035953167,2.9606006536003777,0.935217810170875,65.62279904088066,3.9389819057594058,0
0.14452115240033436,5.691524092242413,4.226947853301253,14.641926057594636,33.95360515153571,4.5234479124777165,2.2236426455345186,0.011765094366997686,38.50412378404117,4.314334957734825,0
2.356027064856816,5.35602241131526,8.386345577673493,14.014182268065785,31.216849850062697,4.639419203587442,2.3531445263383115,0.5878856919297817,83.64731916659713,5.687259222800954,1
0.7053222873571549,4.830323882676513,4.610031344329174,15.441197923505587,15.711453588911041,0.7482046577080346,2.630142163742655,0.5013964785953243,94.99550093322041,4.856514786518596,0
3.3676390793961475,4.9422367162664935,4.395066989642786,10.437529767972698,21.00165725781397,4.192887021595155,0.7253553119049626,0.8733841643710475,80.56369252749182,3.8223939609440607,2
0.605453274360584,4.324924517379976,3.8600479376626495,17.359964778199675,13.174150745695426,0.6696382569020178,0.34303206137567627,0.08400171452062566,37.754542299555716,4.760071306741523,0
1.5097220206718807,2.301434287830015,3.037431825793883,8.061314917336404,28.846197912791318,2.152263315627602,1.5003938661359362,0.6815260298866503,78.8686429231424,2.8964036659522026,1
0.3901888714673891,5.535975153529149,4.051704488134128,12.03561121277231,13.64115773645859,2.940349890294856,1.5908340172958921,0.6801096984332773,35.14416734706835,3.864088030722561,2
3.489372456276221,4.35366155952917,4.842557987791102,17.014080823121454,39.578025058747535,1.1664535938220735,2.5046271618547613,0.6690800168622832,16.71000877656339,5.039529590663768,1
1.8074630351262249,3.8022031549022,7.391953665165843,7.702379715989289,33.42046224063587,3.8584121565608456,1.3869723799187736,0.942334494935037,3.3393204865857395,3.956546903194375,0
2.124309058888149,1.5549473460674053,2.5005187377556126,6.647946706111744,21.707156487519853,0.5375961687746236,1.755473774078507,0.8230875290068804,38.571671276102,2.3600774821787147,1
0.3280600231206534,3.235277719032127,3.6840555173227436,18.255259515319846,27.356917968380632,1.2586957179531657,1.628505721689029,0.04197272624350601,90.35593036972818,5.035730894618679,1
2.6498655993572044,3.3017913560096313,8.472189122333411,10.14394494138794,37.34025448649226,3.113585734340641,0.2107880728964341,0.47108285070451317,23.89865877556765,4.7363582714452175,2
0.8136790165249915,5.3228180476133495,3.175375388670166,15.25805187363548,26.622978411874783,3.7147440291678158,1.8841232001310506,0.3979530562013335,20.6513164929784,4.1457675520473485,2
3.153384584098427,3.733241100938942,4.741161172180172,5.380229063959077,15.234954591938656,4.624893962122623,2.5013255287453315,0.31014722109080206,96.98207852410403,2.8513698442363395,0
0.7974747776388244,2.902002744852048,8.91727137486512,15.350703326141744,21.36110066743478,3.6747349337058073,0.556751589419831,0.4513367251540973,2.500411285059212,5.843090656573882,2
0.7483382502564663,5.884001642553296,3.2394024891475413,9.741519673204557,35.294345950892364,3.523006716146897,1.8235620283871279,0.38419418492597746,78.57821503937544,3.2326981634884953,0
0.22426887068352258,1.5536029666315785,2.661894684945519,5.836112803811626,29.326390479688538,2.274535158577989,1.8214705788946017,0.43233389987866533,32.13699557408704,2.1486687329439755,0
1.7050276133739974,3.112742141559723,5.876303960640087,14.147191423221756,29.52173153001401,0.5057799148706064,0.5761363957634403,0.9792618656086425,3.7487956869659333,4.799428233019004,2
2.0204598530928957,1.2101233758570265,4.419356090228291,8.612057241097599,36.004644570654676,1.0407166643102987,0.4580443638191345,0.08863297474958076,91.78025402095837,3.341285632300798,0
0.323409374056398,4.699520603834651,6.507266915870833,10.8021086307782,36.819191723875136,2.9054954514021762,2.942150634631806,0.9222308698387298,13.96423302095836,4.338940673947511,0
2.736793896763036,5.5903827609957535,8.430439123867801,6.208712184297704,37.59377715338309,3.538084486299889,1.241785591993809,0.4802367134710267,55.17792837256954,4.032455301831796,0
1.641182038143294,2.400186647752447,3.0971879052219453,7.20744876642418,12.845475797594684,2.3785172775340815,0.7595230132982349,0.6237422454995412,27.405420742954778,2.577610836180192,1
1.8829269157137722,5.291708383995604,6.64559267643428,9.469658532437656,26.32378005889303,3.788055551877756,0.5968411789176874,0.8301829666176939,6.519280218469103,4.073203943396761,1
1.5985933395899758,2.4610911523094887,6.044070083118911,6.3463925084023565,32.21528563654956,2.8483803289948044,2.036044969391382,0.36046302914925554,4.992248566337909,3.1695688781450095,1
1.4625944069761083,5.553850808219576,3.1526302881055965,18.66239397029473,32.707805353810414,0.833792880174405,1.8673913622491085,0.4304219080879669,11.555669883633879,4.79901927175912,0
2.0027771264479406,4.769809517983919,6.991987884231859,5.090705647759676,28.201486059100116,1.3640731293557697,1.9663011566635107,0.40951848027871396,7.136701388938005,3.2190512950440495,1
0.6278168361644225,5.024533884207193,4.189123342886173,12.257903282964671,15.003620055510225,4.279992004597743,0.3552174797832115,0.37473102253575985,76.05581155199229,4.011431298621915,2
0.7185556436839218,1.0900327780022725,5.9026745483521,6.848711871988272,33.92261661824993,3.7621073598099777,2.691250292145467,0.9255293216468949,48.556620228342915,3.4713204639176922,2
3.0300711114459586,5.81405178537013,2.658178594216495,9.615186342169228,31.60334000544837,4.526428941556228,1.2288725507462401,0.8289298911930121,34.289209134897966,2.98914445234209,0
3.3167925712543513,4.633354960351616,5.676672457708984,18.890893397273985,12.584073146471088,1.0290076210442145,1.008771278648038,0.1089999898629761,41.83689101320071,5.628491087779689,2
1.36925167535116,2.5237554769306665,4.451707744342563,7.425418299109802,23.914294740231288,4.956001405767832,1.4408481970184437,0.10812335247709604,92.89467355726234,3.1209046742919355,1
1.0205318886880828,5.146973324294235,8.579049689482835,19.48748479577499,15.219321985654108,1.442330212774701,1.231191590668122,0.4278695148529912,91.07518127381472,6.83001131279189,0
2.289598447012654,2.4076059920746498,2.4558298159789462,8.086915654841325,20.124311371389155,0.5530094432898891,2.604373309103523,0.09865737673280905,71.56764801225769,2.588566495145284,0
1.489696181733528,5.363769197830639,5.3488581993466395,16.123491627002444,10.542432766170563,4.988403225740994,2.794856828073887,0.6190930952711197,88.46823774216878,5.218579117485211,0
0.18631360924517254,1.562901952059685,5.667451393051504,13.200158973459676,22.009896052322745,1.764832484503009,0.980014327703858,0.1436916072617339,31.964802758762477,4.464899942336022,1
0.6309188310450472,4.518429887303979,7.80004861039295,18.267180913951385,26.496307634686314,3.5060875363065196,2.605413841633869,0.5223732639668011,38.110932600828285,6.212258216504007,0
2.5343055780811516,3.7034923832245514,6.594300600721688,13.309898832546963,28.587477784812606,1.2950704137933733,2.3664170756458947,0.007219947003717753,61.371218185422805,4.825827590682912,1
2.3403414024945146,1.4826723509772042,7.337698697553448,13.01838828734463,29.9047103538613,3.1110283948961377,2.799342249799809,0.3165963484126467,62.36259472972642,5.055394320606669,0
0.1921263745118439,2.209469141294195,8.216394285214049,7.931870005525998,35.088739393073794,4.568157439045517,0.8126759053390746,0.6771907236726554,48.169983801234096,4.331240382807647,2
0.854705350572028,1.062020181386574,8.89762378926551,7.49344043077488,16.4638872182719,1.9408152534279737,1.7731815353508393,0.48403894022784844,40.06578484379533,4.384980365511584,0
0.8856543083994427,3.343839827322529,4.511003973779764,18.747337266732714,13.61445467315404,3.5161428921996163,0.8961792957472894,0.9782694859989881,98.6180311608695,5.594276636162878,2
2.3844353282356767,2.5063263038000017,6.304181642911224,9.91757298275051,35.54611515693777,1.3455661495928743,2.489874022404685,0.8741037960662108,82.11236261177244,4.2959269364720285,2
0.16701582836483814,3.991787421488794,8.720864627513599,10.581233824443439,14.698384446779496,3.3115792942342637,0.11544015265608636,0.3590707790431512,43.49801978880452,4.93481436831781,0
0.45396917874755105,2.486189038543086,9.915609047720451,16.397354876425826,39.24280244008586,2.014026583178796,1.7379755723705488,0.0454865414722746,72.72924772395685,6.481438741067626,1
2.8197146902688437,2.4995955575349234,9.116154488350105,10.08235223634211,35.27614688195911,1.4504371636457825,1.0836899506885622,0.8456263001150188,26.95616932524595,5.001310561772194,0
0.7070518509847342,4.715965993658017,4.971738100995014,19.28093669958504,25.026298176687973,1.9093192281663582,1.0357827505256787,0.9112343103146714,10.016932623732988,5.560006430149645,2
2.3193367666963742,1.2407141798917674,3.5613321377492033,16.068916534982005,39.442642747660756,1.304784808285097,1.9702283392082593,0.8206273934190368,35.24310255527406,4.552037734670791,1
0.9098214555588702,5.514474975959936,5.91514029925271,13.961438638601301,12.921301873240125,4.558622485270472,2.5693049030105826,0.12794994091976486,40.29728001233942,4.713311645717043,0
0.4381007353817735,5.261319371955907,7.933131614688338,18.213427408171285,19.09197283525305,2.2873409884270797,1.8666666350406462,0.9979151344122877,1.6537124560670802,6.227169130291418,0
0.9267854493981439,4.339023416132033,5.940552566026381,5.744088625242242,29.146732451218345,1.6037568723846531,2.574201638075495,0.25858422155277383,81.47920016358961,3.227137939657686,0
2.555707568309241,3.9661078505369214,5.865446906509348,8.855940382838131,20.500206054195363,2.517835284571698,0.8673316244549869,0.7242049128083701,35.91934023891815,3.7834211517988594,2
3.0093679915613714,5.4615124906982615,8.705843368654405,11.97554501331365,37.851176559423756,1.94241275062923,1.6065553788184452,0.9080348763357216,58.0418165780147,5.362594438260238,1
2.9227475395277716,1.9266508976435723,4.891230232537491,8.404678092072816,11.968782645334526,3.8498866421599667,1.4065559632945206,0.23568711433070944,7.396318727095597,3.217631067223239,2
1.4504240007027465,1.394845810954143,8.878357398493165,16.15857780953228,26.482354961828936,4.8704896034847245,0.13377020855897903,0.9082585546770661,17.499682875058397,6.129373541014994,0
2.371489464340197,2.1975508495476905,5.254438407613788,18.78812046580588,27.725988021853436,2.4711514551394105,1.7147552151081464,0.30948157919486696,88.969372532756,5.662760048882554,0
0.7969466044137913,4.9728913935009516,4.625864845426715,11.356551798963851,29.581843713316722,4.374650299875082,2.0184205400239073,0.9764132223840561,60.86875278828008,4.036958716262436,2
1.096702282887445,1.1733513336324166,5.631919289597592,10.131989001678424,17.669986699954432,3.0463838310182876,1.8165517728153031,0.2812600203804746,95.02840501704856,4.057310806342202,0
3.1475417829718073,3.914034175417448,8.099575669398948,19.423260982063496,20.936992825595933,1.2075604929240507,2.2352117064719224,0.9534358247578352,99.87500343913169,6.804837072501345,2
0.1442065399365025,5.977187580956549,3.0080162229119543,11.672786492413113,35.310415889949326,3.607802339366037,1.7568846325139236,0.053544650892674905,37.18601153330944,3.359229130134672,0
0.39072900490519147,5.278480469187697,3.571353726976139,12.335726006739248,15.848283069104795,2.8104552370661904,0.29357573906719503,0.709272011669813,29.880306408327463,3.7700466409996367,0
0.8068132674964928,3.607228445217947,9.611558605304737,10.27474808512858,34.80603541520086,3.4277293546344656,0.4376920198456631,0.5321111338370037,85.83560551590968,5.302346241932266,1
0.19020949317098704,1.3182045464332117,3.403933019050859,18.643227095182077,26.879662687082273,4.503593356572492,1.829776274877462,0.47787707712273064,99.86114270374541,5.144984168287456,2
0.7168804793053108,5.156867571928549,6.541818543448437,13.534332249227761,32.865625335822465,2.481955567952207,0.8974396567235565,0.22349431425584,62.96412342324573,4.903003246000989,2
2.082341307296953,3.9948925408860525,6.634515733295503,16.43261880772467,31.408220987904148,4.5552993044781,0.33097087420082094,0.705595789776492,79.51407225115223,5.65653985624234,0
1.532843472014493,1.5746649852978343,5.916995696401958,17.177100775263295,16.22534486154637,3.878010564267447,1.3458479560007857,0.1908094914463071,78.17458588152745,5.4832045199070905,0
3.1350838176617146,1.4692864241167811,7.157961988614549,10.127735628758874,27.064382093016185,2.6987221664509313,1.7075355344426006,0.5528417959847682,35.533970821954696,4.390105993998957,1
2.879308109910699,5.548134097182962,3.8386138063809474,11.5054149698057,36.031694584152774,3.2144996104608365,1.053363366213859,0.2532453630402508,57.42703802570872,3.675597322560601,1
1.2621789957727783,4.346001314690392,6.421298142213986,17.727076616093967,22.96348710405788,1.9651150963355515,2.1892577364547563,0.9556213797813561,83.30569412642136,5.912846124218525,1
0.9820396736663944,5.146433996583777,4.977386041975177,10.448830275137155,38.9977231066995,4.926187848824484,1.9669347634936094,0.028631193835652824,68.81138762610554,3.7951422692654315,0
1.3909541877687075,5.394894501411336,7.293338077033512,16.90902700177777,23.566453003051542,3.503080233726782,1.0651732471658486,0.19972828011123656,2.116381398203826,5.616101623682466,2
2.1070028045503464,3.858861760241611,3.1297883469851957,19.114884838616554,14.28356910003654,0.6973108362348346,2.2891303338348257,0.24231060638744772,33.67056688975335,4.911387293765619,1
1.0114163787977792,3.5872317587752063,6.56701933471581,14.348155596020105,21.6830404023302,1.9697985758660395,1.981215623345803,0.4140678257678164,14.447569659460536,4.965893193750708,2
2.2221062866870556,3.152137051604951,3.4821628430665896,16.124409311778333,38.551072191716116,3.304914951915759,1.948591598281916,0.23273024187005353,23.297221207803908,4.385968427273066,1
1.4919996174502175,2.5847329389555966,4.229144504920291,17.076459680617024,19.591625480195628,0.7534997500965791,1.7049403322824974,0.49134909026878526,90.54894774913257,5.0539519489006475,1
1.9769604148967328,3.1729798042935586,3.749678402588666,17.675594733449635,36.04294479601188,0.6074788609361425,0.1330300374568031,0.872465523258539,3.689328891076815,4.845583558791465,2
1.5828301990600768,4.869398278650782,3.462702238950537,10.92580006785194,36.437520450456695,2.5251090778751117,2.1198708320829787,0.7120634214091708,21.980071196192373,3.43232358312596,1
1.1011835824425202,4.009617155075658,8.605687612485337,5.768951887639973,20.505595729958834,1.997105808617015,1.190521194216554,0.579961980535111,30.956935223823145,3.944359863052087,2
3.324741243671333,5.462616449774231,4.285660541287123,11.028144068551093,12.497729741518963,2.4723437361492464,2.833568159460101,0.08900317798267965,61.68840719663948,3.69419283328281,2
2.696259700143187,3.216900071895939,9.416990254915595,15.106343446761347,31.736737274764547,1.6821198944600233,2.4721558361238953,0.6939921083892756,53.41016900858655,6.1453946945305615,1
0.5763847976059386,4.03544789359377,9.759412202761528,11.755255786711892,19.34536897041958,1.241229861243414,1.8043139616408055,0.16641428431093985,21.82694828533861,5.377638519889041,1
3.0527911180529035,4.156537765459944,6.570083759496779,16.23444726290598,33.48770842772717,3.6011451064115194,0.8313277472758813,0.786367385961698,16.424106722315447,5.424460377789517,0
1.7572660740483463,3.9584858115316277,3.144008981325811,10.354736442029958,23.279645447812992,2.8155700232051024,0.690780440505233,0.2500567585101532,23.679803459611882,3.1352007448846013,0
3.141477571439911,4.5131688654275814,4.99638594703665,14.521162116560443,24.55800227027865,1.4006939506221507,1.0871160292648925,0.4170487283209009,50.25296267016556,4.6373168410977605,0
2.8195078702208716,2.1871673418740314,8.381858106785712,7.796297072809619,33.33728220245611,1.9381524181699925,1.4820470363820537,0.3504702023179279,27.117778571120343,4.225264222774584,0
1.5457259151953937,3.561818887728953,4.939125829576564,16.240541549674354,21.470899931848837,3.1631355844849667,0.9585899791129465,0.8588139146748568,94.76025016077222,5.185889592225128,0
0.17639564828839915,1.5211240140417384,2.69613774642231,13.185439532195387,23.293820359687437,0.8250320672261503,1.5932955366382,0.12654445871340814,46.38652214288476,3.6103976885371067,0
1.0135030219088166,2.9225566382240626,6.4542792874255035,8.06096582819901,21.285714063088662,1.163538541697808,0.5795742339882392,0.5656448823847886,5.879601654463706,3.6792447333078018,0
1.9415563298469476,3.438335343106322,8.760966811968277,9.37866760246711,21.020215458318397,0.8296052184832555,2.9353671571939497,0.14206160944306223,72.92664058366334,4.751215807723507,1
2.2538259474089006,4.261121297727362,8.367411097148018,16.229130628727486,25.778397307043782,4.155427997213534,0.41298120939848226,0.7047958361321867,32.884528820898964,5.995662208579037,0
0.9768181304728877,5.752655262931017,3.400985121042826,12.23901853492281,34.263983335034524,3.8858415494540415,2.802638004997679,0.9050781277944812,65.34889320582475,3.8451615484737798,0
0.573810651847602,4.003255332741779,7.382116915299734,8.240471605896083,20.853049357676976,3.889908193456657,2.749376233067815,0.4346076538672534,27.9594370523232,4.033529237699557,1
2.938762805117617,4.717969580882799,3.764034107485177,19.509067855554463,25.7276416161321,3.7234640456421264,1.6235453972765443,0.4880922602649759,57.07437417333199,5.299865377929437,1
3.4469674143920774,3.5313302974760137,3.745660276417378,15.726875297253319,30.121819763278026,3.5122344065144113,2.2022397883246447,0.9274228364827622,77.21525048074646,4.686203461114669,1
1.8873466198291318,4.170520156881657,8.99257418644148,19.35702248809694,18.08318338910965,2.6464636192017874,1.3645400641205048,0.5209913886493571,92.8008741774554,6.95177765381407,1
0.6837095718842319,1.3546610806688673,3.9973516219218412,11.406575680405147,18.325684147071776,3.390251735782017,1.9271002748730708,0.48759843804956093,26.112714443307706,3.656378453597417,2
1.0258449101658544,2.271957904209235,4.1059787721440895,12.126505110375806,38.002393810703644,0.672626996545886,1.0876702185212441,0.5783291027043042,33.485695099898116,3.8732175595589435,1
0.1625283002613869,2.8092654660256935,2.0052271260903964,18.469328242775287,31.70603719993266,3.2965899019555307,0.9733611573777915,0.6892297363629519,46.42664202859397,4.5725596597405485,1
3.2086159423056966,3.362466775032568,8.965352273004141,12.87574010368077,27.315600286699265,4.000449674915947,1.7768663798915898,0.10688337508703138,92.71748377359889,5.564282828975599,2
0.5003536818264799,1.2282437275119187,8.340758505673078,15.609183678585007,29.43160163261836,2.751612621729756,1.544576055133543,0.821110527741516,90.13868568106571,6.058702450010425,2
2.060156016748462,1.7001204877665885,7.018631480725424,8.78259316243295,10.87898329310255,2.108809977922566,1.780655470534945,0.43550502745325925,8.987828010063803,3.9761725662250607,1
1.0317877503365005,2.384071538956529,8.002126111510737,11.700897030539608,28.543088966850906,1.7484203066044062,0.9313156857323666,0.07234850989748554,13.192982575381084,4.794865889266783,1
1.9842052085536976,5.8576634545052535,3.2163885393959344,6.851747987155327,25.285266196726056,3.392609225729371,1.1641777122692862,0.7861826691982131,49.55091773306383,2.64115544628868,0
2.3148293203963384,2.6567350355152537,5.6665887567006035,8.089700538154425,26.37249039338307,3.617605393834589,0.343304085823837,0.3769499716862721,10.661927280542349,3.4252925108199475,1
2.9211221326044856,3.4102052905604125,4.809755098790247,5.014151229014466,20.782714804924513,4.419354199381441,0.2516014795893966,0.10036749509505394,34.55808733486975,2.569504536463588,2
0.8018323239860509,1.9804885636919647,2.750212210056132,5.588975774729904,12.444216931388256,2.0405033710744584,0.835025676051747,0.6337790395432505,14.838537821747765,2.1141302393367134,1
0.13738581743883363,4.0539003553788415,5.889043881719393,19.65925734765394,15.800177008361565,3.9639753832351348,0.3153158920585827,0.8801313534336417,63.604035513188585,6.065403011272901,2
0.5654111422339447,2.4034160775798714,9.365917202741084,8.635305427051435,38.522341396380156,3.0261012088520207,0.400946655040748,0.8877535094139863,94.94954317391617,4.999235577637158,1
3.1600633822835573,2.0349628921921337,2.320472952405556,14.94966064256003,22.26098686812802,4.472764208051355,2.4574923756424174,0.9576634748089732,99.67337702943814,4.176626840283782,2
3.071226263712552,3.582863142229895,4.331687307950351,17.586495481994174,24.000494674925925,2.875154487330293,0.21273372134839896,0.867705459766688,37.52411324969148,5.102918720486352,1
2.131204547379048,1.027528995802104,3.6603274896456277,13.259906888548464,11.58129369560317,2.8293342277908526,2.010934102410754,0.002140919345475223,59.901263711461226,3.9302115996068596,0
2.1417573254744213,1.0383201632461265,3.9051732293255705,7.297167501259343,11.126986886319418,3.100446866484091,0.8904174715646614,0.38024116641339023,85.62676535240813,2.9639139983894425,1
2.3611246934572687,2.0953440455092887,9.267476415035002,15.921746560042497,31.51544341140273,3.871919098140955,2.6274824740535667,0.818542579905503,11.746207279638398,6.163539374339015,0
0.6962623473197286,1.1836068125041057,5.744552433874321,14.003771151493746,26.14283992363334,4.841107154728074,1.5064776252747487,0.3662530059984742,68.9564411051965,4.80423988497633,0
3.209000616144863,1.5401287706534568,5.73039530351855,15.968758840210626,25.261179526488,0.8310350939709454,0.9861717320506945,0.6015485063797061,40.88436617250682,5.155833158891151,2
1.5238197846330486,2.694303246693758,8.084605139642258,16.54619934285631,17.29373591268006,0.7404557107595773,1.6011529134993603,0.606316947374532,20.614616028016407,5.917728648022894,0
1.4026709960482915,5.012928397899064,3.2359376320394064,19.631155515271175,32.34252194889767,4.718976518333023,1.2076782552312797,0.36502530403882305,40.2753618747442,5.090843539098054,2
1.8643201979616477,3.860243216846504,5.898122832800406,13.60344920040065,15.047097373254756,2.8844403148319273,1.7364730875425076,0.9044739272812876,7.596028696491686,4.693809561465985,0
0.25968428703518714,3.563338629782082,5.439881712968478,10.124616690359026,15.698042309830601,3.2670635655512124,0.4321453181464099,0.5032283453861176,69.54071485893057,3.966155665616364,0
0.66536345377067,2.467444116040608,6.775285524373249,14.726968353503556,23.821365140448265,2.6709062071762797,2.991272458156398,0.4647842059375008,25.27426687484531,5.146758969824723,2
2.6093142958496593,5.658768597164082,9.996461626003509,6.026610638639392,18.588395863358226,0.9214585367336352,1.3341120453204809,0.9975137456618959,31.1405645044878,4.497185058174773,0
0.38151547094543004,2.9850752061859582,8.155591152656378,18.460959774823795,17.42388943699439,3.9564022028839996,1.1098688551513691,0.49350036407261666,12.108129824146275,6.273893763048634,1
2.15071717218572,1.4354638339788575,5.1829256241394175,6.790715170072952,29.35712933659995,3.862510902898641,2.159608560117168,0.17839825192858105,86.46591138898917,3.2080981058091,1
0.9341869729164912,4.085332580589006,8.620424418192375,9.917642568287274,29.529152356556335,1.902664946717654,1.1553082788364641,0.513069422863438,49.34442792827386,4.820303007472677,1
1.4236050877427202,1.569191967383007,3.3656669064998415,17.236180709391814,34.735512093997876,1.8780766035278018,2.5164954845833973,0.81401673551993,57.21468777864003,4.791383624268222,2
1.0815587050203797,2.7261157140084604,2.243709490471681,13.959685674960678,22.531257009189275,4.270286214074833,1.4173851006452334,0.7768603268982814,56.94326830948546,3.7912518524417522,1
1.3092872359808272,3.537059693589044,3.6355869797141844,10.904532804161631,12.192552730784508,0.8256076598359698,2.1867193984697613,0.788581765108471,41.04931145413418,3.552446942130678,1
2.5447560776264346,5.371112623425879,4.723292448914077,12.10153489062532,18.20999154764373,4.464973167604546,0.411614327681471,0.7080237839979118,19.25299154381395,4.036658444230311,2
1.1102138331187952,3.467732901700593,6.084646059676479,17.818210898032703,39.40016389590451,1.654977604531615,2.5537456381098242,0.2542178290666882,74.51327484983999,5.6634193878723424,0
2.0257757770094504,4.511293830158321,6.921033124329599,10.100065790898382,27.88775725698106,3.168431364899723,2.2335821616565186,0.8620840858402314,12.705626535767433,4.306856792253905,1
1.718571367476939,5.964084194995352,9.284845737715374,18.04474527218257,31.29211254403061,4.711973805507999,0.7139786575397005,0.8934434653762651,10.38737902788105,6.604253605910023,2
2.3564819622330035,1.657445599489908,6.078832076403661,6.322016464650373,10.220734888762436,3.551551256914909,0.5213294282627813,0.19415269661854906,71.01450375965034,3.3399269664538336,1
3.285221113704177,2.3736576275975976,6.010205157005835,16.651976558129462,25.546171965475626,2.364934156101665,1.0172478113043109,0.13045563655139392,20.883702045198383,5.222199092173517,2
2.590745130514851,2.972880377988232,2.401944078583857,17.713214495821045,11.125859725954093,3.602903940074368,2.930604699492523,0.975604968589112,30.67727513528323,4.5503789418630385,1
0.8307972872085729,3.109140892694157,2.2792924212497905,7.7272647925600815,27.07690636274344,2.047908363423666,0.84481156624447,0.8683239636503679,47.522746700174025,2.5454737177175493,2
0.20602265920836788,3.0551053763277287,6.4092796953309765,11.455197985583006,37.62312548908226,1.7476628735713375,1.4227689059452366,0.8932361472099467,44.93513167295462,4.527276130176747,2
0.9916977506194052,5.538055012782775,5.505428905986756,7.482496619954834,39.05257391501223,4.985074750706058,0.18705865458027532,0.8863763846243952,70.85791250649991,3.5379770102313723,0
2.1232649643808665,4.570163222334282,8.713443159842388,15.599061934913266,26.216580261667726,3.8785560403090447,1.2519598357420745,0.5416868240337284,62.3431793443361,6.029212237775123,0
0.2748477658464512,4.039526070453519,3.2854366776947614,13.030216520924851,23.746144157566476,3.4012398982181793,1.756828044755998,0.6464017366657997,64.43961622818657,3.9142735035111182,1
1.7876452404842036,2.5468635893139107,2.199773296936397,14.529850200624816,38.35051282745482,2.0988033944869344,2.864061376273099,0.5453628521336417,71.40543306554574,3.889190898829248,1
2.1292656863174235,5.118951921106474,5.592310143441007,7.947304504343167,30.208294959900854,0.7212237311977168,1.5985345303261869,0.05120634919032907,29.261272742346534,3.365179031966041,0
1.2364292287776668,5.775302557424944,3.89982845401806,8.176187930786293,11.946978386152283,0.6397559421582002,2.4754112459152946,0.7455030853527727,32.233331180047365,3.050986732973373,0
2.7211014927357944,5.105991412751132,2.3969149867106996,5.622459882648595,23.971767330024925,2.9938156495195947,1.6866701634498116,0.5053320333358803,43.799774789555414,2.0760322035787713,0
0.4624340606548242,1.0078255259573645,7.796786294781032,9.831013027935946,17.207350553929118,3.92914724467573,0.2182765389630025,0.6477090747902298,30.74621730335261,4.527018960889602,2
0.35546845790174975,4.182006850917035,2.89274399965798,13.396169920005125,24.094129643460448,2.9182063569973478,1.0135239980503448,0.5026398049755353,98.49378689708634,3.9430665055847847,1
2.5758417710922514,1.2556769072105036,6.8665560000621735,17.869023709959933,23.66396716019085,4.2835328237260155,1.7690935727101995,0.49181132232245595,81.40519264214296,5.9763493844015585,1
1.784670475101075,2.2880361016686095,4.248398001335113,15.00391171188021,27.46434408444226,0.6504193989194973,2.8567225012002604,0.17178910947776682,16.465468825602958,4.359055971148939,0
2.4405681478543024,1.2976235017388584,3.387968402840176,11.53094485099627,20.703114710477536,2.1503843439167305,2.5914780432785767,0.27871371514114895,0.5594155881869511,3.3800004808440978,0
1.5784129512527372,4.018977264746939,5.03801218335454,19.296801715912068,14.92811348367784,1.5668167602838012,0.7622312811186581,0.1588526919439558,4.278326824726786,5.415369517051747,0
0.9377669130129631,4.432949567463034,8.41156620978363,15.788678008637477,25.111583037698686,2.5127283567070493,0.7383185070555741,0.19566629562534243,24.406345104292527,5.793557759100531,0
2.884947880092279,1.5724381903295255,5.1367486152365815,18.95247804293825,34.90608653037286,0.8256937693735511,0.6834016046303122,0.9729773804203049,11.429128583685655,5.560403054993742,2
2.8180139884945294,2.919194415224897,8.006157193688445,12.913819599082485,29.92036684202807,4.793592387069826,2.775246799277259,0.15311344577219843,53.33381148925721,5.175235201545242,2
2.461968000905051,3.2811825447777103,3.0038903743932055,8.883564121897095,20.151035977756475,1.504649304812124,2.57273184399499,0.26927042430520765,85.79952227273586,2.98913258837663,0
1.0252934665818731,2.845265108804583,8.182171357320634,5.79240029547083,38.06569068276572,4.650384989676131,2.3471619535335515,0.590589657738585,73.67502209132275,3.9522744641120413,0
2.106784267354896,1.6051250024259653,3.895466599253189,15.891272772257757,37.36622713747546,2.416519197665068,1.23893183125026,0.6101785762366418,21.560906308219042,4.533612968399494,0
1.3273112495960913,3.0947389509373773,7.419145039110982,6.819544970083012,16.280451981522965,4.934858599648481,1.5627040424664238,0.15397412974382907,39.929925602578585,3.7402371085063986,1
0.41137904931055613,4.75589023904209,6.526252438727971,9.541626924079509,11.182527553610889,2.9932627255709483,1.4465620599059432,0.7937174257852123,50.78942095312776,4.177312864450719,0
3.2188661565716257,1.3550383226662772,9.433157737693499,12.98706361825846,32.239261250522866,4.688747888791133,0.8348545119221806,0.785202867912825,81.02058495033356,5.827462373393307,0
0.5651833451244688,1.4009000704095174,5.098580143802512,13.466248816696215,34.828307840474594,0.5240704491240028,1.5645813338314243,0.2373177042038911,83.91216031061649,4.522023828252624,0
3.330807002990728,2.773856459179921,2.5293215106755236,14.00874795480704,39.03593697854066,3.8670746278140506,0.18843998877298795,0.28866630267546045,90.97183119077759,3.8911947982714903,2
1.6164196280570495,5.708628558094626,2.1532438844100232,7.493829955245509,36.69509182264932,4.5637279389613195,0.4822500831426316,0.937987865459497,50.924525050287514,2.485110304614871,1
0.7294519580513068,4.342863233614571,8.614868487782026,10.696061072324731,28.016043046192443,1.1287425514052933,2.6711098288899446,0.8256714459794781,69.4274746435863,5.097089473926208,1
1.9424632210864177,4.393349783362824,6.197885101291457,14.2579134067545,25.901570176371425,0.9325663327946817,2.2798713243911273,0.6977970330625238,11.180037123393715,4.884047729721023,0
3.068015841979788,2.809599954189325,8.201952414679594,19.54728296950677,10.835231537877588,2.4105767323368,1.3263183862713526,0.08223322151060053,56.52889599539821,6.556075650593548,2
2.589564613792508,3.9683039560426923,3.8754048000921175,15.91446706549533,17.399693405343335,4.701555077598208,1.599736050623244,0.4182640809025757,24.869180947113513,4.503775212148557,2
2.842307902728929,1.050655920138717,4.76066996410587,18.839056356409365,23.788442551987792,2.940739520856974,1.1729967692839347,0.559301872076827,43.17168850266111,5.437387700436983,0
2.339863446816439,4.180480232047711,2.2408309776905515,16.433180874712654,28.855117002507036,2.8735540867477947,2.24826161476595,0.18741128798377693,63.40505083067194,4.186582878338468,0
2.4537403193606986,5.566434737881184,9.691938596592898,13.875754533386006,26.71755499955232,1.1350675323469483,2.3741428197730308,0.4482265821082245,25.698593785378108,5.84947358343285,1
2.9872652153220858,4.062867341724096,7.342943253606507,7.880350537045168,32.279079690450715,0.5035527999194845,2.3135270515891615,0.60102587748869,5.218505779676108,3.914813776327752,0
0.9488712301212322,5.368492967331726,9.465640702074449,15.000284778387696,18.393007926611226,4.145630408354576,2.195574002019904,0.3273766801153992,1.0233856408757513,5.908294659245581,1
1.7640448763866776,4.619865277330469,4.123971259432579,14.350693489398607,26.948578229574196,0.894085533438072,0.6930625822091079,0.7809448189504872,2.2159535544521547,4.270166900162949,1
0.8521121021866476,1.6027920820184511,6.891708889805287,14.037037556858996,12.644267301723763,3.3523241843089577,1.0801129397973885,0.8404495816388055,0.8349737513769662,5.045515015895277,1
3.4580712271886,5.512266536429209,7.4279997463411025,12.346788019823611,22.40996570749621,4.6157740453183616,1.4625517614526573,0.32360946943407076,11.035505655787547,4.795585938721229,0
3.309801754934485,1.3322192217788744,4.5403976020607075,12.929849059839135,32.504824988638035,1.4389336092129397,1.0592996751402013,0.8386571544924571,23.948871457012988,4.187667137855571,1
0.23405115865292006,3.6698373627388188,8.78487388012504,10.01663790677156,30.80202560287132,3.4937277630660986,2.289326580459154,0.10357656610301502,22.12215141822992,4.7258715128671165,2
2.4989555865533406,1.7106856189672883,9.577291703201983,12.789690389634547,39.71928211516537,0.8541435951837926,1.0551252203248687,0.8377290986226563,98.67965941798967,5.894710386866004,0
3.245844279213264,1.0585330536545203,9.078840941568036,7.963338585177174,18.33673377963268,3.2168981472692586,0.5008730516774778,0.1527504316676166,30.60061052089432,4.4386719174020515,1
0.7139561734329339,3.110171300638195,7.91253580751498,17.07761596040565,24.945678975219373,1.2376927442894123,1.257217310940082,0.08292715250972604,12.74207833593991,5.84409559984539,0
2.03101378387894,2.4752035382707813,4.219717437799632,7.786654320480617,19.885912413219902,3.811791022318301,2.941751855068903,0.6417754044410112,54.55625441677579,3.1152699395745427,0
3.212660211799342,3.430002468988015,4.252928336845054,6.274494348341996,23.218093421775244,1.8555408265725868,0.75505609750737,0.4719373657552943,85.79574553975084,2.882552080492227,1
0.21541632719171605,3.885999433672754,9.706882563568303,11.54369039535736,35.708503896081645,2.585259539620908,1.8752601109353644,0.9078906004128328,67.80603767876752,5.605799081260831,0
2.471228908639256,1.2186953615447367,2.0822759674855362,14.874611592590927,30.526272255654597,3.1974374391242977,1.3556218445351482,0.3631891960908492,29.60820891354503,3.7610675747226514,0
1.1109866250666727,1.6150164756187282,7.728399785937156,11.565752374003122,36.473235740427455,1.270730347998078,0.3059712461830472,0.2871522634376287,56.161615979145495,4.857585711206733,0
3.2429470642802034,3.7932119822521266,7.649969300442097,9.151311979269629,16.105333249956594,3.837370183779294,1.5148421573943727,0.5007349061441984,71.48559742004092,4.4398569594755175,1
3.40159803356225,2.7158367658632914,6.98151632759838,13.372567758356611,36.20083353524314,1.8618815328656655,2.136276553080106,0.4559461857686613,72.81044923677423,5.078589034814891,1
3.3105060629856755,4.64586743774724,9.920870768694925,10.205035031182998,11.792868225351533,3.480673369607391,1.5883379299006744,0.34442804621718826,66.65384552976889,5.2861153826778216,0
1.712328336635377,4.261458242959698,4.495035486109802,18.993015351899494,36.65797841311458,1.2122737281471814,2.629107584865085,0.6937412986983286,87.0810424775618,5.54710510338519,1
3.0309450133636657,5.228021814949534,4.719774910345985,18.83967709405358,19.872213383821837,3.596529466428576,0.9379173483069896,0.7595618339139083,87.01054583441044,5.596811896200525,0
2.9714679550192393,4.462464133346126,2.6315152235724444,12.535577299581432,19.437629002421993,1.0768463276470779,0.35012259678149826,0.8529839690301366,57.89365594070033,3.6408477886161483,1
1.1849416090270692,3.149655386950741,5.5423850923499,9.918259910273878,25.362657300959917,2.4141042332149265,2.8160402738082175,0.9728566047103429,42.985636911121226,3.9698957414351783,1
2.918312612112303,4.364833111972162,4.088388209878785,16.05698620934959,38.22070563169695,1.6124273318249456,1.1967694136318352,0.26665619213250447,64.15702955650998,4.683716031929584,1
0.2258259580326749,2.3769058712770925,4.747093617421154,5.550694152246,11.43344094044216,3.8676886224268214,1.7715760992155367,0.7160934824899615,81.82120013704632,2.922949212584677,2
2.12731758683898,2.5315674938910635,8.67657432204502,12.121535090654769,20.566929252122357,1.6791575202809355,2.3968090657775685,0.39425823549574524,0.5652104841184724,5.107826593295964,2
0.8820300467781903,4.944925799603967,9.483876108219967,10.044850914055003,35.69715966050008,4.467727878779283,1.0405096252391837,0.6770819719511081,99.19970090148512,5.287148512371669,0
0.5099274116427479,3.2320975820079108,3.485864576041485,18.80803827653832,21.881634323064002,4.513190951329758,2.1768771607150725,0.47598169034922033,18.289377232919925,4.957431497888712,2
0.3616408855393112,4.991901702591763,4.980071452427727,5.180045409090238,15.97470692791201,1.3839859185025363,0.4927146644717013,0.9937731027679316,47.02489856599762,2.869859833797945,0
2.467381837985675,5.112111868341392,9.429044496923153,13.292223135775236,22.743825439942356,3.262306752534759,0.9447518668959652,0.7289021357907499,87.20297348428667,5.894547323843003,2
1.255574876811425,5.287811688306419,2.494467685513781,16.10995371599939,21.56657504475008,0.8947293877398395,0.5196608447959077,0.9524913004343245,22.504039904419937,4.2283414286541365,0
2.564207023197789,5.583176179206037,2.738884224891028,12.275269812860618,37.4624860440011,2.2619169482073316,2.4525686193639378,0.8349695494811857,47.67952239003832,3.586751707105784,0
0.32221155871640406,3.154926102566481,3.302327913649835,6.281045452440825,32.85803127229291,3.7099477827557252,0.7456827821576776,0.9029010111633711,13.258218018117917,2.467262320870143,0
1.1719871486240752,2.594334091605694,6.761702673014998,19.586920850418533,25.153466672320192,3.467404610824623,2.1804703106751098,0.8144191972146749,39.50763253881926,6.227301709047599,0
1.9342703940761465,3.910993732970569,3.2037781680479798,12.770156470641469,39.65111700164714,3.311153012329736,2.8355653520123925,0.4591591303759114,17.71354547930025,3.660137207055771,1
2.788458760452476,2.855862117188138,9.744611051605869,14.21279366478517,23.9583259382777,1.7714338864809962,1.6305394062997434,0.2517884533468844,36.3627748771157,5.925388063739519,2
1.1837585099690378,4.005370834001164,5.573716218068163,8.54914674061261,11.747134924608257,2.201112272454809,1.6660846575559942,0.3703201754505222,37.346421679272204,3.568047513670892,1
2.228030679885831,4.527929313219123,6.012143682801331,12.252471276602057,17.868229654449546,0.9632576511512878,1.436997347483655,0.020236232639950447,99.31707895983327,4.5561358435683,1
3.1123243440030364,4.4420250924606846,3.973268926443252,11.437242379374828,23.08211440657938,3.7356026919512044,1.045081415841564,0.5239931674646672,99.48130293037723,3.882671696092006,2
2.1939348398198355,2.8727644351006068,5.767682019477868,6.1234376300297555,14.707078724383603,2.767499585560731,1.4793995896822596,0.5050578002704087,11.478627866061242,3.0904395755015774,0
0.8920622141623548,1.834301008493764,7.295309061096092,6.592405303212008,38.42695378972129,3.6894453455554457,1.8481418435736023,0.5252504648304882,72.59687793283473,3.829914505735831,0
0.18296265729222927,3.1526466923110377,8.009417095632342,17.562087794281616,33.00546693453319,1.6202458615859274,2.9593755592949123,0.9740312249720638,5.174547966910115,6.1255725764411695,0
3.0583361712631616,1.7129707204095437,8.030944661679303,8.597299283098854,18.04861601283318,1.959972028857798,2.81951722202285,0.9114540034548393,3.0192015337188627,4.320091660415686,0
0.17231599689131627,5.450485175919042,6.623128901552707,7.924374072479458,27.724136005537474,2.003969017670516,2.600243579050053,0.161712778330108,10.53338942449643,3.6357562089012143,0
3.073985687126278,2.729387303689287,9.234878199950858,12.573671768752089,31.643474713287162,0.615840843862473,2.6784785535440894,0.3688825215558892,96.5485657007934,5.648620015149234,0
1.8983862556925208,1.772298736116619,8.539262778448876,16.531206970437694,38.23836786720394,2.034715427737806,1.4567626315469246,0.4239561794632619,94.08635478946974,6.235070527883263,0
3.292830174943847,1.1272387995287545,8.056384917589003,5.929197778684819,36.449060475262314,4.114870580831151,2.0065885488146478,0.36053291785164776,19.392782028068044,3.7330399606681985,0
2.815863001630462,4.2291119314324215,2.444844173443685,13.652118794573838,25.455766784146412,4.537843230873824,2.695693496515021,0.7984959636039131,16.16723355537115,3.672077904334769,2
3.4929759758133474,4.184511587273716,2.0550236977571945,6.7881566426086,33.239578593790526,2.8319824203616735,1.239557218474924,0.5240376698675869,24.0535086515947,2.15110649777718,0
1.2924201725358146,2.7030208329064584,3.6995782175637837,5.546915762384277,26.86434261482755,2.549757628486491,2.8891111872018596,0.572099816971625,51.554699407514214,2.488340679362858,1
2.7084401823658313,1.3585594442382551,7.308188751307618,5.791159282433261,26.581116701366202,0.6387107841471662,1.3057795800006307,0.8530135589879255,56.97046320354099,3.6922025832871457,1
1.4665651062714233,3.0481444744761603,5.2895799110603665,17.51246162312662,13.442258750145758,4.456419519134222,1.8431397296403254,0.8059281534153586,22.159343043944734,5.317029957758339,1
1.73157710903329,2.556087475316968,5.219250074394494,6.769587254420923,13.784129740484563,0.5585459604164272,2.1584336684898786,0.1322115228202997,75.66227880899451,3.173121614193576,0
2.233518574942458,4.385603198675047,9.07669510583691,5.677270466184379,25.88600845067372,4.7513753609459535,2.8567168379202212,0.7139145840836343,30.955316940265078,4.094111492625471,0
3.0705021882335517,4.028896247263452,9.16450278505471,11.568498307143685,18.065846349370197,2.701473119096408,0.8093871947515715,0.43543612890203554,92.21313255294103,5.42677712038438,0
3.4458837952776036,2.8229686409876997,9.273402112428686,17.659902079130372,10.631107073814059,2.0387052210862695,2.2637798368920627,0.29464890306250047,65.67227064567305,6.5699476421042,0
2.712129607139362,2.0894627712749507,4.511024612120218,8.93612564733953,31.685176117006367,4.65898295679197,1.6103651998178383,0.050018820902186345,43.63511943036117,3.281441635575492,0
1.520407059368935,5.940179830777959,7.528446501914094,11.325689262888746,10.974597900704948,0.6097594689954353,0.8788157077998591,0.48724956034545097,78.99120017028454,4.858095315731921,1
1.5326138077420386,3.2700081059805743,4.173065450194957,5.5988379884562685,27.858305233121637,3.116412026910892,2.3521598354095326,0.3554366807245314,81.79146260466648,2.688148956708647,1
2.6077798254022313,4.441371178901186,3.5248786645955983,11.736177712023139,26.175813823819432,2.9701963602470194,1.7014446125041551,0.2515130396764008,29.048160560894367,3.5421462314012704,1
0.9118422956122278,1.7027648378918039,3.4770596587789537,13.664196209557005,39.064440717334136,1.4869418054512193,2.0168240798840595,0.6946717295969576,33.97145438360843,4.016805848615305,1
0.4756119846467418,3.427948498296989,4.736860966908752,13.563605806282172,24.52639418042925,2.429993441075948,1.036413098875913,0.769485387315587,93.59551537286033,4.568463074910758,0
1.3057153359786402,1.1376835993473273,5.439660958238574,9.986400382615479,11.908043091333921,3.435188026746966,1.4956944603000546,0.2447895190294248,16.474103836327192,3.7275585793095343,2
1.076612571623878,3.5272755895522496,8.647593368440546,9.732997709947032,26.55063903419385,3.772090385968674,1.8903273278653945,0.049447436679347256,4.2150416962934205,4.56341216494632,0
1.1074476095503663,5.820087035588512,2.9591287477816968,6.599354284048968,35.23288511848304,0.503225864179609,1.2742413613825476,0.848752700565235,45.405532260954914,2.5135766180402146,1
0.8942663535696938,2.921033564929001,7.8794067791591536,10.501974809694026,39.9054785284432,4.715840435409569,0.6752803655583338,0.009959741204303318,80.1209900243629,4.7065719140005,2
0.2431168447636304,1.194980062874558,6.251639313514443,6.49242003309447,22.910295210672174,1.2403641757676558,2.8887574277143817,0.937112493921472,77.16681063107458,3.5928987313507452,1
0.16077137809360695,1.1547789545967175,4.30356274140794,16.498939170680774,19.608962274902275,1.5511119540006164,1.5832558661235905,0.6276198739827059,91.95306289128325,4.992239820028928,0
3.4582561251025075,2.9399337997343475,5.942556676262597,19.49411446622279,37.19959890855996,1.685630505622317,2.2283690738343314,0.3218466352013203,53.32006643690402,5.905919422474313,1
1.554428654701932,1.8001246823159702,4.399536558216181,19.551116850000604,15.737263872283641,0.670190614484159,1.2920368613125686,0.2464779095767362,10.006467156653331,5.309399320850281,0
1.4067106003429177,1.1167604816409296,6.768655641906448,17.976066490630906,28.462867450987797,1.0537345561564622,1.1298821156745775,0.009005664264475244,58.86889743360161,5.804217815851816,0
2.4108007611564375,4.781068069750884,5.470751382841954,14.011882240094288,22.17143272542843,4.938574653248729,1.2807764655546625,0.23547141701087715,77.83956143532116,4.724214830579582,0
0.8420632187412181,3.2926150444094535,3.31524423263103,15.512985458658198,11.23247094866666,1.9184753181977872,1.2866702669783845,0.1377283015171411,9.33281202698264,4.152714457905324,0
3.329868025430766,2.446223859863273,2.9326645964455738,9.278087040206211,20.418654229170933,1.018854906525722,1.6781223362316655,0.6121662207231456,17.265740109758976,2.9096472514488205,1
2.773573049012877,5.500415915082404,6.373565456577041,14.46155630258931,17.956855675080238,0.9814606752858049,1.6760626229459532,0.1665455885938013,1.2290661155670901,4.841377213556435,2
0.40399740786168237,1.580694801002628,9.219304266288827,11.834743241598161,30.582734618304606,3.7375698545148737,1.541746066060328,0.5286298375366193,59.36525794468104,5.416561669547647,0
1.5197746376687564,5.779594144776596,4.751661492461484,12.230260096653987,38.46371493075755,4.345558988146884,0.4908787762605704,0.5901164223444708,88.67343919459044,4.2555940691219085,2
3.08900224571136,2.569833586886764,7.864000857780986,16.36664840562737,18.041415621359132,1.6562853477881143,1.5386188876515403,0.2980416983469145,67.06633160020995,5.8933372729297835,2
3.312088875790795,5.442018361543406,7.269290839518136,9.228775333958776,34.34397817455046,0.5940928055085574,0.5904013112198893,0.035064949018718705,98.2040087590982,4.328167334728234,2
1.6891651382495572,4.014714382397308,9.452439314475848,9.770594175417799,11.660794508152286,1.5039050830041012,0.465793780257719,0.0372538806141961,6.3033652499761565,4.816211501299082,2
2.185598723316406,5.133536798707437,8.567848138393128,18.86962686692955,26.143630301194396,0.754320608585408,2.8046725802893864,0.026347332193917605,90.30010851514962,6.620449606888081,0
0.6679154167130558,5.920065816052322,6.532842071243704,5.843364422764584,12.116501911296837,0.9652772148351868,1.8543550381283425,0.7391246671365462,81.40682873866807,3.5205709255693414,0
3.4699733288657204,2.4420271890937286,7.2562439858728585,12.284514476200105,38.02098973391918,2.441786539314391,2.0125211685612943,0.31800970481429813,31.424152049950493,4.79165048811459,1
0.8876837847037075,5.805677427037965,9.187091732672279,18.692012006117928,32.990538416721705,1.5346326688773466,1.265201643966755,0.7963001859676636,97.35265518372518,6.9458479237699775,1
3.305288032059427,2.947409474512102,5.196150276695478,14.155445117272356,29.73849733613777,2.8217564533644053,2.7360445865531062,0.43173282384284917,28.793774817141504,4.562661995683109,2
2.3087986065740527,2.9275595236846117,4.614357646862219,13.196106113181981,34.71689144873993,1.6407218896573568,1.9499984197810298,0.45299810082996383,88.93047238282185,4.3809195540095205,2
2.166305102588121,2.7019355212725285,2.0864886690815707,8.746162688440329,29.425593867104894,4.7324178549632645,2.3305926216184036,0.5128826025095737,88.07485770741894,2.7419802320367084,1
1.8431409374561292,3.707038036737926,8.612408593531715,10.149132335966724,39.06833191522874,4.576747855668191,1.1688311601803703,0.7130314563751039,75.76576166029724,4.983452621508771,0
0.8842773598403795,1.7707252158924356,8.407845603226919,17.780726237070393,31.418738435943144,3.050627472547097,2.8840344543754637,0.27350286582970706,56.347047381285186,6.3022406436919525,0
0.700195308818728,3.768557426790056,2.835636144801211,13.388271976526871,37.7397582874674,2.0949079639432377,2.479337741459114,0.1215873495335269,12.000274961688806,3.5886635335375097,0
0.8496531108385962,3.70852406205002,6.614859049061602,12.721132906351698,25.51395676031914,2.21516096915631,2.5764505427421764,0.5560573351914615,53.197173449649824,4.799487283376062,1
0.7338900912904653,4.80950906302435,5.711853585335099,6.493695703100434,13.511932389455879,2.3533352741502362,0.5993633755346874,0.32697762324273927,35.67962556549345,3.1847296175656448,1
2.750587210126961,5.168249809687928,2.9496727640728917,5.240422346826847,25.845331642690514,3.774106949607248,0.8857933028265366,0.4424913136680374,79.22170331553518,2.2591496712674495,2
1.2904258811668823,3.2022067515621204,9.844545816485788,19.455277830305736,13.806184841892799,2.5323754798347706,0.9283171390823735,0.6469467083373054,75.81292064968449,7.201247414623398,1
0.29666510031554766,2.5116662467574686,3.7175670997068435,10.654792509302624,27.774804375292153,4.355284759276538,0.8856367474159264,0.4941257411412706,91.06125073726052,3.6182375322126137,2
3.3949489424787584,2.2966744865854722,2.537873440724489,14.048195931492565,24.47479181582989,4.74842653668664,2.580683670102435,0.6202788171008429,1.4830162431707872,3.699506030665541,1
3.104872008875647,1.9731191835243598,6.758779036015277,6.195726097809275,28.677261934983452,2.0117576902052026,0.19246590610491712,0.5442000021136278,80.91032168230461,3.6183498958360776,2
3.254357762863724,1.2882379109951243,7.910933417064261,15.246714285845698,10.301409431644949,3.0231251661905607,0.3206899680442455,0.7397963719360992,93.84620531246688,5.8521207726130395,0
3.48268659699788,2.7122398941735666,2.2595475683774957,18.988500630589414,15.845214749660922,0.9277544157465399,0.8943531248267207,0.70593661771162,78.93004491081501,4.853541854905901,2
0.6912438473462568,2.3512384606539163,7.269741109816177,13.634978794961295,24.739912957363927,1.4021107149486154,0.6796316264833865,0.5341898918086192,13.01944598703667,5.053814408259946,1
1.44722286426904,5.8320869293320365,6.2583350076116355,6.891729835631159,38.51510684767405,2.3605959501957203,0.7723928802602602,0.6789030208597069,8.127910484088774,3.41601080503393,0
2.6780108173939103,3.7885441312502195,2.8261200710003873,13.725822912102151,21.508271210654755,1.427912221558005,2.41403524883457,0.8735596022726128,2.084523980770081,3.7739660961173795,0
2.466470101382894,2.736385195152538,3.3801910155708965,16.495208196569784,22.73116078160904,4.444522208549229,1.733067122286936,0.4322712877881686,62.8745225828071,4.588176769291281,2
0.6232460815555072,3.90233800496848,6.543794378528644,11.09624804861028,31.440882670198665,1.2122881522659412,0.11673491774960719,0.41276307274879365,62.96726518598873,4.453842333388374,0
2.8738326249681005,1.6959835067284774,4.370860908106307,18.197566219122017,28.11378271858354,2.550473696988914,1.3450360205421663,0.7642456208523801,98.69137142182123,5.399694754692235,1
0.8630979442446463,3.2202187460110148,9.506525829210528,14.730244300360468,18.967784502949996,3.2256465820694404,1.2828662878660408,0.582553837041994,39.804317410409574,6.033930328474879,0
0.8609798903969185,4.131171607105319,8.549921835872407,18.488733774338037,22.324491867022832,3.6133875867237997,0.43044128138917626,0.07100678022258855,33.19062848974967,6.376496547143096,1
1.9257130378376062,3.444489158962257,9.868537652109303,14.352579668710058,16.530993965716974,2.2238121637692805,2.0608111869442256,0.8921120156910813,62.44249271843925,6.196827110668337,2
2.115995778461791,3.0088940032716214,4.077366711603312,6.969319580072364,38.98064377390625,4.410945809261278,2.1360818463005242,0.030783102237640136,82.5608672507594,2.870913151695272,0
2.0722931066485577,5.969241944498491,9.757789062383816,9.645375666577838,13.919031446720792,3.057436179850665,2.190590335251083,0.7483963562097431,93.67739495230019,5.287123308129561,1
0.4110552471523665,5.401573810744635,5.449870958332463,8.026924223786853,21.155103536992584,2.477785012013983,2.2125657421199167,0.7587941427043129,80.31241661790386,3.6330422106516838,2
3.083366932943293,4.117029790797201,4.780150362510037,18.632397465752934,10.775169166600335,0.8025828532341648,0.10015319810366073,0.9531110852819304,42.66739806158048,5.479149013144726,2
1.0030401448016006,3.8468868059114136,2.402796215754826,16.40600100931224,16.653384758006393,2.5911026080032427,2.8663703311554944,0.054134408402320755,63.491423531206415,4.20334021886298,2
0.5403507323615342,4.103302399122921,2.422122062876821,15.145975533650091,33.414134151404646,4.193311283670786,2.461205424458523,0.596856860784491,85.6299326716117,4.1320928957647975,1
3.1217434715545225,2.0065605391121664,7.5360900475732375,9.514494794474325,16.035256968666385,3.2654345819959194,2.7215469201089273,0.42784057062705294,49.060968831173945,4.396476993785769,0
3.3492150939811616,2.975688716321593,5.663431955472223,7.760671580753202,12.401902075868968,4.244731041781033,0.145365556391559,0.330632954859542,21.66866437053927,3.3822964868758336,1
3.0312338987025322,1.1972976644544966,3.8121730082888456,16.346766319833677,24.233595395335698,2.723052517696875,2.808190507778644,0.09031856029907304,16.972343974787297,4.481985910437565,1
2.8523546540645857,3.3777301874341332,6.911762450601861,12.112369188186195,10.299077042035554,1.0330776729251683,2.4483867331955036,0.5626541196713092,0.01577445780567288,4.6085807201254765,0
2.327822734172674,3.7151229197883158,4.022864946000889,8.386843282259438,12.542984632789995,0.5613793062614648,2.527935514580226,0.47904072567461364,71.82379949812842,3.1955076838814627,0
1.9729150600710736,2.138748680516048,6.621054034755381,14.249329672479126,34.228776086889255,1.8644879602336604,0.3705334156937087,0.10455445815102427,11.10972088459905,4.890422199206442,0
0.39575498369879447,5.820144235827569,4.873669975861523,5.60500778207678,33.14420034578819,3.6409571217400662,2.2424562838639335,0.6124895070970834,24.383909969594043,2.778752180502011,1
1.4887409244403758,5.54727305468621,8.588417812894551,9.892553811923802,37.45416461214688,4.056169567737622,2.8837583999620637,0.7379531202529385,29.787633152279337,4.791989629760552,2
1.3671409578418676,4.61071617727953,8.565569286134235,12.02835491886702,35.635463077322484,1.8308877557914824,2.067787290112666,0.7672783010536482,56.037986013676836,5.296911387865435,0
0.9831628647851091,3.666933143826813,5.818803184979211,7.2193750116410875,30.495266897194544,2.730442643974612,1.7546280734113588,0.9053731882624274,39.795727729576925,3.4899777786631976,1
2.559628386541189,5.349845798238425,4.806552874680125,19.769817163862594,11.569985719019884,2.3950350699533676,2.842326065472091,0.4094707418887772,67.46739920231619,5.680225641161261,2
1.7859774992678208,1.6532617191173147,4.900478372472756,8.136460468844213,33.485458539599726,2.3473525295814253,1.3845176530298644,0.953072768622137,5.5638659328702715,3.3047417570337076,0
0.375557134086003,4.952548971374425,8.445716205345743,6.955296950648983,35.36532432521682,1.5410692094006773,1.8379513423003884,0.8654294050826861,12.393919426443944,4.135041891029389,1
0.8486228866293585,1.6241040698342415,4.625435862380896,8.053023108303446,33.97246437315863,1.1136699726325627,1.481381051133662,0.29650157102393904,49.921150353326674,3.207299145639726,2
2.423079796442626,4.971053312747027,3.672474989654768,16.535916997395866,25.254371059240782,1.385098512040459,2.8052540419448677,0.15928303734945848,33.69647878468298,4.541871940199544,2
0.3588449222670206,2.378837841256785,2.6775067350024546,11.382584889077641,16.98705515948445,0.7489957422350575,0.320645707619971,0.4353893961280134,29.58133627513597,3.255590886367276,0
2.9941035077658134,5.385452905090944,5.733544967075267,13.48123909628807,35.3598992706618,1.3915883382060967,1.5532471323935098,0.4018987079559666,6.702807903752273,4.516799474682645,0
1.7834981918475128,5.7202104691269895,5.857056791358735,5.315137354795411,31.814884292204155,0.5414040393142076,2.092162080017771,0.5757193053312043,89.57191747480014,3.2040041218573436,0
1.7339943629106032,1.743979847025578,8.727269683223257,5.516469628599719,39.422835231665545,3.322662802861902,2.396528961424487,0.583386232327748,69.18185861250508,4.045697652989985,1
2.11418646784236,3.3133780253269673,3.769909571568512,11.687383247405243,14.670777932677987,1.923689333244573,1.7907540775879953,0.7499869843799752,12.161815681964939,3.6549323648734924,1
2.903915284145507,5.904936890813426,5.047930189347199,17.249828648024355,16.769937491561652,4.879151201421089,2.7358614579522165,0.5098899482056102,6.504595773714062,5.085836563371295,1
1.2825513068674563,3.417037179865733,8.467245911149528,18.27858318061348,16.35394449644508,1.3717267284933403,2.831775195963228,0.10482264094076554,97.48725334312431,6.5093166976850805,0
2.405254918700816,5.317737612572726,8.588988885991789,6.300598513934603,33.7761930286401,2.0562285663931723,0.28652574726139224,0.8582913355531061,68.1172550439505,4.21282640082693,0
2.0234886775856897,3.943657610656599,5.076888607830146,13.075446531515341,15.607218893503545,2.1102852138868995,1.2668745646699857,0.30976458318518707,41.74560710937415,4.325345626617271,1
1.0078961185760325,2.8766495395980094,5.672992186293447,18.698445294189057,11.999794894699182,0.5380317322810724,0.16803116299134788,0.971297460306592,70.17310407557848,5.8463655190139,1
3.0873419536075373,2.428917777629351,4.426287126794263,10.819591315968296,39.956824197568864,4.276435788677565,1.0553083063858846,0.11786010867977015,75.63317864801591,3.74227595891194,1
2.8112484734635554,2.0161154554304366,9.460439027354496,17.443487471425527,10.744516343354475,0.6439750706494612,1.6569178321147462,0.9582511722325032,77.99622023887794,6.752468097654589,1
2.338736237838647,4.808990956888486,2.9491501259326425,7.005434815991543,35.05732180476597,4.730809256281586,2.7413052984788515,0.09101180688251698,47.787730565305765,2.447397554050522,0
2.9919778789204226,2.9327025341151396,9.46999538401176,19.03091734501698,20.961005246519584,4.514334579921293,2.5550075351496684,0.23103613794705946,42.9882758124848,6.822354139233791,0
3.048800283263328,3.5563773110037555,7.470931614682746,16.27134976296954,35.248463792734455,2.909848622386836,0.4697492073487586,0.04657994208654159,1.102808426890034,5.50817385069671,0
2.5084341208311183,3.4616274000059097,6.2525772214938495,19.120015891803526,26.63861473633435,2.946180087100814,0.36978808674859753,0.7051131466389949,92.6557115141838,6.1187661086792104,0
2.945845316436485,3.8863951461656563,2.261272486275967,15.149258503287598,37.0489368845908,3.4420006533027037,1.8088752823943344,0.8502987365717918,60.33078783889431,4.059285557371352,0
2.4714029696755646,5.327885728122761,5.804769534576066,10.451058979991405,37.7857895924388,2.2417250537069915,1.64314212013047,0.4340710818159804,20.31539371899681,3.9794030538912875,0
2.4124786239850216,5.903696717917147,5.261984840021858,19.072717587870837,10.27294543842328,3.4125002752903497,0.8724951601470691,0.9285220750424297,91.96034194214366,5.854724410415642,0
2.2032786859316267,3.0379210428690846,3.2897504958009804,9.133501644637677,12.262365279783648,0.7014577490981909,2.708413945206122,0.5902990717555996,91.49319017702963,3.2061648625500387,0
2.65923657449598,5.137594610531515,7.251276828005255,9.982587830925988,17.510761887125664,0.7432143230737696,2.789362587438505,0.6300071354465232,98.91841643660959,4.594657290985908,1
0.6392573579964506,4.822638973273588,9.769207258946286,15.512126270026105,30.07946249090505,2.5575368882879497,1.2675731711864717,0.8454192017007699,87.40565631389788,6.4644882409709545,0
3.0949605812763568,3.8676447572778665,6.497510488516201,16.479744492880794,36.64816589534518,2.973300354977157,2.681877415629209,0.2968002050518389,99.77843878200648,5.603897402487406,1
3.0642679943337887,5.780235718059665,7.7180262115515665,18.941052257737308,23.798258538818885,4.495179381511186,1.2134517933626208,0.3542657213276258,24.468618812327257,6.2478773157154395,1
0.1994407623175011,2.002372577642014,2.5476036205281343,8.072036135843142,28.209193488227964,0.9709728525855332,2.2367688123061304,0.9059519191946444,84.2249585199234,2.812553572725768,1
2.907776951920193,1.546321051548107,5.341335966535958,16.969970528288357,15.654995583866835,4.201915672372502,1.4802324308884,0.9009634960387638,82.30283087957645,5.423496087464941,2
0.5381575494097137,5.269809834777111,2.930867881315967,16.078190800954452,34.14900501645056,1.4452130178143132,0.4554911538708306,0.9764827762008709,23.094035922073374,4.359477187592075,0
1.2394041044810824,3.1957490831687414,6.902366684292083,5.956918343803968,39.01984334060409,2.2733764182951433,2.7910091835873625,0.9018383164416711,9.843754900099078,3.4719926020370506,1
2.6279280713914663,5.2348442710353025,9.507857265713238,10.808347118153105,18.057967987437923,1.924710956723358,1.4168801207948563,0.1273720360333609,97.94205136775996,5.333327164654544,2
0.6465836465642478,5.4654510259770746,7.294221859773108,9.24148185590148,24.84477854801639,2.3006987278942956,2.2300124169349704,0.8237242861369873,29.602455152061037,4.290115151795808,2
2.8810878820048114,1.3122879680953572,2.6144243865153722,9.567356365310456,12.583483315191213,1.177229741326635,1.1648040618507474,0.40983847810959406,87.0891790467806,3.0410338217789636,0
2.9292562050563227,5.417323814930303,4.837329639880663,19.744203193320512,26.774099693889053,2.7660653348159974,0.1547545478710805,0.9908013559459379,0.41271546746038945,5.59943794821987,0
1.8253902947868432,3.241595276847111,6.405307035526812,14.641661202198918,25.083503255400416,4.107391654241153,0.3915380402063241,0.47228096432880107,2.1024807219602204,4.950687986129468,0
0.12171196383723418,3.5521624450211613,5.225662049066018,15.765142366902493,14.333094524652328,2.486903046705036,1.5390364905207807,0.5538360825022206,46.58713086963684,4.971255697209659,1
1.0759296527947035,4.132962555466051,8.669152083801379,19.64926455972514,23.26198639354225,2.707761091541896,2.100896635666451,0.5297749152567985,23.871468393506355,6.708167925317321,1
2.1975515224775237,5.6319130336504335,8.517368037679914,10.658026736864581,20.023139562596896,4.319454133765914,1.0707324470799093,0.3217370298582778,68.98412834359642,4.958115549679334,0
3.4360330052932397,1.09558047214882,6.8946481608257715,17.027602526792087,25.65492625915568,3.677261515871139,2.116916531615186,0.07502208889291817,56.556432556795436,5.658588669055119,1
2.2481659918566725,3.3842173415890855,4.987663561061642,11.51796444956743,27.569630062863975,2.7070448383390313,2.1260432093526727,0.8956512304019185,7.7485797450491445,4.00226794354751,1
0.9833321756181432,4.4386102121528035,4.042690990105953,18.0430050772247,10.254867358216286,1.6596304168513085,2.1414141312507096,0.8026758125262868,16.262829631571705,5.030731963876698,1
2.2556193905386785,4.613534788491142,2.8469945457050345,7.7098631196695475,32.830179488486664,4.48217036080235,1.5283133766594745,0.13952678055966927,38.80492700584143,2.540391124774878,2
1.9359502910339086,4.46266215768554,4.839181467892432,19.215292655964195,31.390428755852223,3.0965918076075125,2.7531698353523617,0.7767682713500729,18.560406395543318,5.505847845017214,2
2.7514743435138884,1.6721756470406093,5.305380137661756,8.281575626163196,20.988591586195668,1.4951642454981202,1.5186699021437853,0.62584666605061,79.22223472439286,3.6107652039144664,0
0.46373417201165856,2.496977941858406,7.406583400832589,9.893307604713973,11.588078067064547,1.7110388868710467,1.4057690611402507,0.4091437879176223,41.607023555328006,4.40728636944208,1
2.6874948685068953,2.7935776270850674,7.265278594380588,16.342883511601705,32.647976193551514,4.114098900213106,0.6782043751308182,0.2540211490955627,9.343186684249927,5.5269940705063805,0
1.940306367498775,5.022186038397525,2.5608651171300556,10.9063271234811,38.65525481434398,0.6986550293935496,0.9921997533333758,0.8597287835022325,48.434290227212486,3.2667735872173207,1
3.3741728131205817,2.393799362072765,5.162074523449262,14.1231706514967,17.204547880660428,4.96441484162969,0.2227700283030797,0.700188259294053,9.083818106141416,4.540545593511355,2
1.2623653645315327,2.053524819336016,3.4542309377388953,11.668602516041428,19.70573841211114,1.086582558716563,1.9372523514868938,0.5477399094691369,12.893730541981718,3.5182189580497267,2
2.2509144366554237,5.787240095190481,3.2545016425344455,16.135549056346726,15.514386684454449,4.082308364286218,0.8207536573885693,0.6095685338984641,23.96098320282053,4.397256960417834,1
3.2688955587340596,1.0443164255673445,8.618417197897967,8.424968785529163,27.30808370034519,2.276488925472573,0.9820502380078487,0.09106618208218098,85.95277052474898,4.546590464465906,0
0.4485330751683094,5.989104278409891,2.3353217337300602,5.876869808553155,14.645241839423647,2.714972824793601,2.3353621128265316,0.4739197609111919,92.46125323329719,2.248138193711779,0
3.2865768566039337,4.3841064942869785,5.353463007216971,9.498940962095993,20.685818303841383,4.4629275985906,1.0489414311682161,0.193700292785702,82.6257729332069,3.792444471941051,1
2.4388114558227656,5.142346497245585,3.3456292461321455,12.114629973026453,30.910390418027887,2.3581003531514595,0.8023680868381122,0.20838367900882537,33.40772174178473,3.5685146694720533,0
0.33064600095758445,2.473096981730966,9.034641725427793,7.520300782890178,26.803479490280452,2.918721891529555,0.5902674724877467,0.6613039622868667,27.244644110883165,4.428447398996396,1
1.1232761276191754,1.0715763883352998,6.456324106200281,10.32195934484583,21.593876929838057,0.7218484808412647,2.347089366327672,0.9112561518342881,54.91556907902392,4.34828703843318,0
2.5077851013939574,4.68934759280765,3.851045091014784,10.999745274403528,22.60748805422626,0.5105636324035392,0.476148148171078,0.40375661047834654,72.18531605331123,3.6525698524407444,0
0.3289920449938238,5.170722985003379,6.019418297331011,5.860877655324103,26.863326478696884,1.6015994285077666,1.4158859047260253,0.20774927301219037,99.33727881601749,3.317562711314614,0
2.079379564599329,4.702380659767596,7.8518908776249265,13.749608722763067,10.17594183661484,3.562623918134453,1.5700973366238637,0.6487469372366542,13.157071187892623,5.2747096088511,2
1.2760023936400529,1.714251436504193,9.664944071355471,18.265151419569314,12.355296053608296,1.0456920201161153,2.0934307467885724,0.8711870463503177,4.929199902380443,6.741538514297709,1
2.211112760409422,4.767139611284845,3.7635680339633515,7.2761436942957864,36.43774203289035,1.0119288146204723,1.9365220987656868,0.7483188011224908,69.4355888995271,2.9422696759712426,0
0.2555229149625437,4.844613910538205,9.08945417703476,13.967120201022711,12.336369672738723,2.3493227361615645,2.451089951541007,0.8687572305365872,83.22257835039055,5.943679474473459,0
3.0632251409180795,4.292702578350275,9.474432913339921,14.971088073662694,31.204107886315153,3.4152666737370194,0.22977915838609064,0.5365546710107993,84.63487798664232,6.197763056896602,1
3.4098624952031495,4.830579663977931,9.331364356256529,11.290020206289325,37.601144923271576,3.7043239651156874,0.9596781018602518,0.7518762443691909,67.84635490771606,5.411327661731811,0
3.394184707971351,5.229607198388661,7.083314854895279,15.51646381046405,18.120508129051935,1.3030280334426865,0.9123889444486012,0.14006455935893647,95.4015804119187,5.542504871668936,1
2.648816227925944,4.068020571187292,7.0385652354776616,11.16097315236518,21.11474311178543,0.858146663174191,0.5234490262171139,0.3482746153631915,51.10047635445869,4.566720553252349,2
0.5422932164441487,1.4430235698483953,5.225685065470582,12.569559319661524,27.06764217534149,4.731786652754949,0.938616936183685,0.38954916448152244,91.38147983362124,4.433671655970649,1
2.678094866158677,3.4381390483360543,8.019183058430304,5.110295668316405,36.45126908915754,1.6729987215294577,0.9983194110144199,0.5112957462460346,96.7812136991523,3.820416841539036,1
0.18359551595992513,1.3882466733580254,6.250352146807455,15.375801712020332,38.257167617812605,4.340059239239258,1.613464939589687,0.9290763602568237,84.71574570031078,5.390228495598599,1
0.17522007519859067,3.037715155162154,7.419504569826356,14.920140184170867,32.18689744333804,4.385711527082682,2.0247429888861426,0.8742965602221743,30.97585632586206,5.477666288804102,2
1.2002747451084403,3.0355324456281383,5.427663230790364,5.576013159895169,12.598592825640822,3.97635166293145,1.2051914894742608,0.13452549228918453,19.621565117029526,2.829271395025068,2
1.7613868473758636,1.3300492207012078,7.8519717123451125,10.523751610926997,30.074624666045523,1.2597512299365654,2.186463670808805,0.1727896518824632,54.812006498181844,4.659335785759971,1
2.719385220546497,2.7441026698473965,8.595772140836392,19.68547761187501,22.309111656179862,4.198106566643902,1.0748794818807819,0.35764054958891134,45.30147503801884,6.723259699657759,0
2.4232042804621177,1.5549904939565742,3.171490052822529,11.311048438529252,24.121029984731848,3.96162751658714,0.9418226642128049,0.2907438658906739,87.77583421927329,3.535132979388564,1
1.6160692016809444,5.0411760500461105,8.663437724593823,12.529181076977626,11.47445171035531,3.185253455477977,1.6694453619853706,0.6147709531562623,10.003167106715372,5.257831224725071,0
1.030330665357664,5.7384401298223535,6.322372254322458,18.648952372395776,15.731864180390746,2.0174091582602873,0.16877744488679275,0.9027760477645449,25.77400613115186,5.884379378722257,1
3.490223300536218,1.361582376289693,8.757327272721795,15.758928137986347,33.71540822600943,1.6812887191994483,0.3313884585386011,0.9622915416725868,75.17989445187085,6.196981801103938,1
1.5490164276023082,5.775576036458507,5.450413650728117,13.731051966863353,23.618764991435793,1.0485014543616153,1.3121116764009284,0.6536029525352265,9.498664497731212,4.540551072591345,0
1.6347158827208967,3.6128829966837257,5.03232388306428,16.96707022011609,19.049867248934465,2.793906801053921,2.834446863036094,0.8381592014010867,32.07644140217002,5.166972373429228,0
0.6563209920516752,2.4978283897693694,9.32048586013778,17.965493996839598,21.520572218948743,3.1336739397943094,2.1923841615459287,0.5252022002307971,38.71553940539832,6.610431615671608,1
2.80235246574976,1.3843103763808176,4.00935414038721,11.853321076059004,35.63198539977041,2.1170254573210423,0.3555670515516175,0.20832694686003972,62.259379656269,3.8019139856687794,2
2.4585195676570613,3.503121340352089,8.753698602289145,12.12662547397753,32.46997052214871,2.6391158045639083,2.5543222370645338,0.5246884120934774,15.813264571936458,5.203812151616754,1
0.8506166834817853,4.972577722453743,5.872164580075233,10.790764034777537,18.169461915432485,2.1358150581617004,2.223672234763725,0.5550826014376511,86.06044903497096,4.2890000483705215,1
0.38009555509386517,4.535432386333491,6.112763540410078,19.500592100276908,13.5250552063712,3.3845272579431556,1.8717449245376943,0.7424575642135566,44.75422354662742,6.016701665660998,0
2.4136976270540247,1.2511300573198687,4.467746251915872,15.457493814355256,17.55994664932215,4.555666435084535,2.478849585766614,0.2198829897073491,91.70217118805564,4.75090574995145,1
2.3253381285558596,1.3645091768395177,6.584337604952125,6.2483459931210845,37.622693531642014,1.237641179211252,1.2719185584545756,0.3683103820867317,46.78699136339316,3.4389935306173802,1
1.0290823917939118,3.0143664131631853,4.6016895702096905,17.944394349695276,27.44766513549266,2.2163396445640555,0.7423530474761729,0.3640274692145663,27.504025894073337,5.124703312527096,1
3.3329361116513954,2.4764524702397166,2.3141553139332185,12.208399112544022,26.004406262343487,1.1339087177788758,1.584867828415402,0.9594395957411649,14.182882868767487,3.3703629844433056,0
0.6135968320550608,2.161921615280239,4.175988842754848,6.031308596337312,27.891807990773845,3.312246966835244,1.6916410912210742,0.44394496032671893,0.3745094711284813,2.548970892572646,1
1.5699383235448465,2.405022494543568,2.0510323472527254,13.245758827449666,20.98084797239546,3.779917292698681,1.661146478828745,0.7550939672981465,53.21574849848356,3.575127508620831,0
3.308294128569836,5.017413716484423,9.826838296454852,11.25746418463553,34.21321060958538,4.693607296688551,1.7387139952923054,0.750811381374439,10.715669692692343,5.381853611216527,0
1.5270728775488158,5.64614026815927,9.72597767855798,18.16624107293937,25.698587479007493,1.754923668174342,2.851244262893624,0.2655441848032414,39.17277636311782,6.72166868420527,2
2.2709882220578907,3.025513472637832,5.16124237977844,8.05991905414081,13.502437083063867,4.775950426394436,2.716512306979071,0.5718696893717321,58.92717612370867,3.4515119910071665,0
1.4518209530735007,5.530555010662486,7.826966834717168,17.396969142382744,13.871953744871888,0.7846820231930366,2.6395794060209243,0.8943028933186481,27.56858969027003,6.08905022662624,0
1.032331687985478,2.60747850623941,4.7664487872834,13.365330367781791,26.10577439507855,3.213562385140647,2.4241087516350186,0.47519771945694944,17.522429236611526,4.250607541342602,1
3.445524003063416,3.382184931718958,7.368745256687808,5.819154548202036,38.097106542125175,0.7570972370449849,2.8359415110693273,0.9451175073425461,77.47216226093417,3.7958944748980614,2
1.4917356214711464,2.130144989079999,8.443440344367833,19.57767951988227,19.25056365028596,4.5219838449287515,0.3856344608702694,0.2144582293241616,94.67911722816206,6.775497004836123,1
3.139937292509057,4.20238021087922,9.574049957537927,12.689228661547999,36.08623506577655,2.8841407568152433,0.8688574581926445,0.07415910577403073,10.044041786196601,5.455024666084375,1
0.881845660029693,5.894905575874045,5.201698206797376,9.363152813473738,32.92286759736638,3.5120675784325823,1.5356622423982962,0.8914538731447493,15.559032438500786,3.6581078966784126,2
0.8245559936852832,4.017465480216893,8.266383863648382,12.041102629838871,17.434373287207205,4.242082666597037,2.554950030057875,0.8476811979622166,96.00126572527186,5.345675721830548,0
0.20585588180733863,2.7890704205677443,4.12742760505695,17.867866752762335,11.090222449487273,1.1763978011778593,1.5649805634159242,0.9925898759338447,3.7784221812246277,5.021654873799995,0
2.3156672062780093,4.239087229952641,9.922658430349188,9.573546865775953,13.055417954271482,0.6736620287216023,2.2693007440906072,0.6793934881124261,97.76323365504722,5.320675300847573,0
1.352989568660788,1.6146033923269378,2.206156790114809,7.890145947300505,31.854818015423206,4.454965156607835,0.502983725221857,0.9366879266671495,0.4644483084988771,2.4286071567534706,2
3.038818049454766,5.443295401326993,6.828230452008968,6.936068703963222,15.990092141219401,1.9171995235651962,0.8320000576320244,0.8269490250841108,87.36686556513314,3.8631732781075567,0
1.7089136827512943,3.515419753899182,7.276047853210617,9.46789097585317,21.138127615161814,1.0804050856722438,2.22215067560925,0.8444263331200869,30.732518098774953,4.337475372054162,0
3.391857654910054,3.24674871019821,7.504364456593031,16.700721305600652,25.050974980192745,2.6080755668918894,0.5777286257743998,0.5691415704542683,93.85888581772966,5.986858569642083,1
0.7307867533906118,3.929323942267596,2.963100630312712,12.074395477928926,31.764045053504883,3.192377340632085,1.1189322104992876,0.38236459791671085,31.694528863558546,3.4753657908536173,1
3.0533187710490766,4.123919313947012,9.508238267785043,8.4122240554031,13.39693669777376,0.6393677154012956,0.8681121476593571,0.9345580725432818,65.4306321534056,4.918119802385006,1
2.7404292994919217,1.3588790311325651,3.4494662324006624,7.492774994146238,22.190992158323844,1.7370304621568948,1.1145989132451877,0.43211717561589447,8.003256976593665,2.6438280746024057,1
2.7211342717897766,4.413086106117012,6.982027225918729,9.990942147655687,24.55218727428086,0.6475994342460321,2.1541397423261137,0.5388193672496691,24.2329811453739,4.273259414192812,0
2.972262975597418,2.2096584015776477,3.7814086329846797,19.09886559328563,26.22481191914619,2.3915092513797456,1.166756825314123,0.44611430712518774,77.36793464792507,5.275522373921343,1
2.6874815692061964,4.569763162532949,4.457731336170167,10.145400688850366,34.5508192418565,4.527950130798099,1.7102636355630265,0.5648183139601971,52.86858536788197,3.637968957516809,1
2.2291490935468126,5.112673971920984,6.371668333824995,19.82186113931953,15.150345851296507,4.921935851721061,0.3898024434577879,0.4705050789923272,92.79690617870448,6.248364462345984,2
0.5462325841201178,5.019792537762601,5.337547348516612,12.278456836480343,34.23494355479867,3.366713990766324,2.434551310380421,0.04796755857947588,42.87514083413543,4.195174506069353,0
0.2105890102702565,3.7625048370394456,3.2818048078120503,7.6874587743522635,30.786352830899567,1.2273696220306631,1.1726770143795622,0.8820481860076986,86.98123658139231,2.959386544159784,2
3.2308826825733354,3.600849461553756,3.3674912193667863,18.36710137690264,26.67612442596878,4.576322254996876,1.9807490611966931,0.4443938189157698,44.89554374782375,4.907233036217189,1
2.196611069370509,1.7143798066970586,5.345158305302397,11.905330597022402,30.98583611207716,2.8231152044002723,2.203629844819315,0.5889436485073487,97.92482787019853,4.396176824307265,0
2.8082267893189994,4.876730752015678,8.058263826204005,15.645070152567866,22.360532168549692,1.1918719044631314,0.7080166741239311,0.13918780275798703,95.98343813988768,5.8622810533460346,1
1.7371759951426704,2.357046902233572,9.18371717478231,19.755673748137276,14.151927579043736,4.647770012532476,2.665557456364715,0.003387847982639136,32.913670555608036,6.8056684833255,0
0.4988478424721412,3.483477114089733,2.6730212980750627,5.75263025479961,29.97295720796102,3.9086107282539633,1.8870503296601635,0.24529009364364296,88.59236704168032,2.26726756023621,2
0.5256316934886714,2.4213704646375835,5.1448312604752084,6.450418396813507,25.740169200568666,3.792673727254182,1.3433029110792962,0.7045860321333502,84.76113742156492,3.2287336761966285,2
2.4309219765785026,1.6691418149984658,2.801964509783013,15.806851121941342,29.181244016283266,3.691313167074821,0.6287720323768367,0.0991945301128786,21.068039732756283,4.085002602544018,0
1.5630400426581732,4.147788484458683,2.132739845060783,9.22737504943208,20.1399634308547,1.4015291949339905,2.8326727199134996,0.9088874403864678,62.42904007832697,2.8543615717169257,0
0.7817840707811448,1.271660174114519,7.293749461151653,7.764520954251486,37.20599732019508,1.4495301126838673,2.289697791981713,0.21502256935618458,7.268231558981486,3.8058382377439743,0
1.7714214589208854,4.743226170631,6.819595535732702,5.590428197295942,27.62109605726731,3.5973184929226476,0.7032712319264217,0.2045936142917758,83.67107205834617,3.4558962392123926,0
0.3183103860554559,2.5879339763055835,3.3041529105190897,5.327700679793027,12.562074528726214,1.488752375496786,1.0793612467002511,0.18150796162149552,17.454588350349653,2.1454513664896804,0
2.0787027665089557,1.0006734650224267,3.870502664744513,16.61728404679686,23.49411972113286,2.4740226356137196,2.4480553484554126,0.013981712971364746,7.081470138576451,4.508648361792728,0
1.014577575079332,3.555645696186149,2.189662029156147,7.01650141054325,32.69068164230903,4.019008215172736,2.117465223324483,0.7718054684782346,40.021909553881116,2.3346257132127843,1
2.8117009421664396,1.2342595426380156,8.67957764555523,12.015809239567263,33.824036851968174,4.027786331440284,2.320774448875601,0.8750345312452585,57.69221385996435,5.355118689408966,0
1.1552306603401508,2.3808477891044975,9.797524768388412,14.088452227692246,24.837911582912763,2.5396779763663684,1.379483196417504,0.6141627026161989,85.4916958559771,6.136255504146144,2
1.6477485068781241,4.534882437278581,3.0836762943575264,11.425277008532694,36.842427124939036,4.064854722238603,2.177781161662284,0.1881999816798623,97.42425255217366,3.5400710440062904,2
0.13950983568754216,1.3134481081093292,3.851801710122385,5.406599785043497,18.030053115828927,4.273798082891256,1.2208317963053499,0.28527799694087974,43.949251256986365,2.4257638232045498,1
0.34631941850150016,5.196692461780012,8.947276191575472,16.75252253881863,22.317960917148,3.446490880779171,0.7126624591207696,0.4759266973649633,6.044692298527021,6.148006781604942,2
1.4344780917827284,1.0190996132929155,9.411710383649478,5.1576983681248025,36.9579073170691,1.5279163353878906,1.934763401039944,0.9543459516233008,74.91155790258706,4.270656652752225,0
1.73179203803822,2.2341193460095115,5.357019062454483,16.42834841566226,36.887701494147365,1.7330530117349638,2.930440384236503,0.2473513718177428,56.51732562239374,5.111797653099527,0
2.140069863605633,4.704520280760358,2.404979778152593,18.39956740682184,30.571383064740427,1.916785199339309,1.0007428170464558,0.731645903919888,44.789134484446315,4.682103999047463,1
1.091652767611631,2.5813507486465337,2.315134669542555,11.492598815857583,35.769416413666605,1.025618484802784,1.436811817416365,0.4394482232929203,30.926887879218967,3.173730472330524,1
2.4629384128302445,1.5094619403300675,6.5915989285520835,13.033137096466973,12.66319800868698,1.7292182916647532,2.0546039761025754,0.2978473483600218,50.239852784353566,4.794396125884084,1
3.0244161504432956,2.8011695940021393,5.143160871145432,12.154750889264808,35.94984928623329,1.4428365094063946,1.6703682181552149,0.45591593702211375,33.86796044570309,4.166685507938123,2
2.7514933622373894,2.3519664319226274,2.229219420621236,10.838129279351582,19.618597196506805,2.54897937413871,2.545940607556243,0.07120671754123253,75.70118677473603,3.077736585889142,2
0.23470400618441428,5.213559510802774,6.666019138500454,18.311368030555403,15.34994537284649,4.587968965425192,2.309053848761596,0.7986873709303625,54.38936964926411,5.984984930795083,1
1.7337236206766184,2.5667395879257158,2.0904202927121798,18.409002660049858,17.18109509026139,0.9701614253928114,0.2690618912008354,0.24330192798296713,87.68477741541119,4.620641337666453,2
0.4567626066217946,4.944662358880036,8.298975665194185,10.037245469623018,22.539055240416612,3.74120565776328,2.9954215783789446,0.7254121231929704,54.35439146494421,4.805287392516286,0
0.9229530539325933,5.459360724053674,4.451462581626973,14.22604631022047,17.535760138134016,3.5927735198590747,2.281967115786455,0.06834837144819472,23.826241333993003,4.2657964348238036,0
3.4546528171082977,3.1690870978826475,2.322064024073857,18.90361343218796,19.61702758049497,0.9308938939851095,2.6053196172529285,0.9550985561656861,85.10918822321445,4.923689169562529,1
0.5844848458651449,5.54971571927196,6.7068177678652265,19.430877484120273,14.049354582149263,4.6515758220761,1.9884733650765045,0.1930149854056986,55.721904493004395,6.103989537743776,1
1.7962197217346108,2.8865902698159642,5.1814753154644375,12.634385606330714,18.885302966769956,3.058124909705688,2.5832268713356106,0.8827420762070805,20.684103814356124,4.319920442589958,1
2.201729496681605,5.820392082450541,9.790403306857197,11.7923720792649,27.168514436260036,2.136764845110579,0.42591062729325724,0.8094732096154345,62.350780995622216,5.644542392820092,0
2.4883808998499535,1.4464476226278646,6.3535893000296175,9.180414738927887,23.255611242731916,3.90442362572888,1.1084397231220153,0.967859924081416,35.771676494242755,4.043046752093474,1
2.002805523855508,4.435096332516213,4.201913448296066,19.38307809785615,20.401562837077336,1.6581445628073532,2.641620736453029,0.4778906609457496,84.44056122920658,5.48608946993682,0
0.13322088122522444,3.4690702022846436,7.675510917071798,7.14221456709301,32.39356386571342,3.620794266708442,0.6848001126739874,0.7273972938459515,45.329973864654285,4.012565568903295,1
1.2099684480295725,2.9382440272782353,4.171936020341691,13.697443640715875,36.80529914179954,0.6787004340751125,0.32690208588206593,0.37071065703778405,72.64413581074167,4.283144073085464,0
1.860219587508019,4.163559393743005,9.23394633126052,9.238254012779583,32.70367668707191,4.277336169241724,2.385544925841135,0.18436823801969382,9.553620763623716,4.683369211828882,0
0.39874609709243336,4.519285458171656,4.9977757640590115,9.18512435521695,19.960021063530377,2.516768811595933,2.522909851365559,0.4430759329334488,39.60243463023462,3.543780090738487,0
1.2921315661112147,1.0218163482515454,6.398948502209642,11.074528810642827,32.333265035126615,3.3651181146107376,0.5716914327507118,0.16574901538845488,98.32414364723986,4.462712546810868,0
0.2128905698906463,1.8347654437359937,2.404584830593831,19.981894037234817,14.559405474221537,1.4955701891300766,2.5776033500698747,0.9820446227863839,80.84602894771483,5.156701268025534,2
0.3671668903270705,4.565230253171594,5.408969903617846,5.824494602597331,13.909539642738729,3.5468317069630158,2.0916266072317917,0.09624649114071637,15.994080236692865,2.854821430543042,0
1.4495391390854266,4.331927067891032,8.65890831728796,13.678127273052972,20.368811111084767,3.9750812415197445,1.6082397813280933,0.5892117234526204,27.77640494772551,5.534469509330682,0
0.5512335637464052,5.830237525643386,8.445190442906735,6.238582370529158,34.23107107132171,2.6294593409797944,2.5077255590660164,0.6264638552540559,32.981580885636106,4.005511120685571,1
2.0296388840892976,4.805188951253915,3.79454847082821,7.317812449857785,17.390447417269055,3.2797711582780744,1.3158228230250009,0.5380795428740542,65.03655604954457,2.904652607943465,1
2.4441808950667037,5.75386353865669,3.8086325680845015,11.59344412659348,11.897602266960387,2.5534666572007936,0.6625824730478519,0.6621858857118336,75.69947594896556,3.820814200733311,0
2.821994776970882,4.512702507674035,8.538442497705894,12.65690197019662,13.951286056190654,4.523411161660305,0.9260727621707795,0.11618077501189095,74.95266088079097,5.341007280995843,0
0.7805108304323543,2.490261043197216,9.443187361354603,8.88188612546786,35.762349055887405,2.7404113123144365,1.564975653050613,0.5550185242052911,50.98740563064028,4.873299355232932,2
0.6694407796808372,1.5268246112542823,2.7628873701840284,9.746856963116244,29.013498542418628,4.2881391906296855,1.6408592987522097,0.28721257112736154,81.08205378381513,3.078926279255375,1
0.45553065713696084,4.909119316724678,5.600469115409802,6.3045053038389955,17.5960349010993,4.106084262216118,2.4361843966795775,0.9401760633010566,43.7078082757475,3.260200432878194,0
2.263862848448365,4.220746107379579,4.699634231713832,9.548296757663758,26.65887475984544,2.3472716960676046,2.39492289859177,0.7620716534397257,12.388056529556192,3.5091281213235153,1
2.502017470055464,1.2409300619664811,8.965507643659514,19.498376590708162,25.827388672760513,1.5353802133586376,1.7859630158932671,0.9725144821597427,56.44418416538133,6.9531630601675785,0
0.20739289240718295,2.800252329504892,2.66819931744015,19.170610725087226,29.66307935321984,2.3273695965189694,2.3642779017598814,0.037556069740189546,95.23013846011067,4.92778356957786,0
3.2831216372285454,5.783999077421431,3.6890075404642992,10.023174352054774,16.995626632648488,4.217978190988491,0.6561430290516458,0.2851331751807087,79.29936513925114,3.4062618630041395,1
0.2767023644150062,3.5020057285510062,8.019746700691954,13.562809044181424,35.93208961583193,1.5243464111872655,0.24518712857055358,0.195422586638349,57.870064769224236,5.331180530679213,2
1.9404075400236396,3.163645680098523,2.4103507918497247,18.643930866664164,19.281056862400384,2.859963556359872,2.6335380856406303,0.0111545873118305,64.68056603490969,4.648164026454846,0
2.510805766133116,3.28849802579647,5.940283045714314,5.09275733961345,30.823949619287106,4.127435365823364,0.31910803191203174,0.24232573024632142,93.05620270355726,3.1282701357969205,2
3.061295020736691,2.0444136200258187,5.53685627743776,17.16025355506388,10.483739391166447,2.0906486380777043,0.8153964462575921,0.6787759835204289,42.83427944349605,5.357365629278678,0
2.5278955692502545,2.843535854323976,4.675209431909989,19.225543291833787,21.179713896824417,3.389943366512138,2.116424953910715,0.23108892213456855,33.13941389426374,5.39330751404946,0
2.8258754824372923,2.849066279935883,5.15657852255139,6.369886015003356,20.55129453876425,1.6053420832196654,1.2873990191191966,0.5090034454826182,97.7241565000449,3.2159239183627464,0
1.2541306546455406,1.2617751009373621,6.2395246954418635,7.4217152904938155,26.304532857490436,0.9917575041567197,2.6413105127549756,0.8878181149649986,86.34431335103334,3.7927970297774216,0
2.8704053867381414,4.837838142589591,3.290938867107065,19.41119454157033,12.182087853315895,4.074729012917853,0.9641414045205816,0.6937579203490752,32.30435846186024,5.105185227901582,2
0.37239047770789546,3.082522159519395,6.575967026268742,13.063102154605195,33.703941211783246,0.9453588053391807,0.13442690534114196,0.39462906990603197,46.37805973609228,4.803470531991145,1
3.142376630605794,5.110899434082117,8.44345863439989,5.212949517075856,16.533424053027055,1.7212162778581306,0.9719013576261579,0.3724689389121083,41.5078129007799,3.7746447202198996,0
1.9618140789227032,5.251740005599477,8.081287438321272,8.864479981452938,30.311134446460308,4.347992398988481,1.7764176426360119,0.45573581400848473,14.90956786714339,4.333158094190097,2
2.8788124178724788,2.05997027349329,3.2311992375501895,11.749155114032895,34.0963636973228,2.0591117918540025,1.1902212886695507,0.17704144105990638,95.7819323813259,3.641944879427595,2
1.6378821673622206,4.286767410850643,3.1939957579317912,15.393633665371516,26.856308687245395,4.878704072813725,1.6511309917003902,0.6340007674159881,40.43124312197588,4.285019343302966,2
2.288164163668185,3.3614090208149086,4.145394941959307,15.997405672051993,32.226496201659565,4.908804506482369,2.642134544621554,0.3641528191046055,87.5329082637908,4.778528905610484,2
1.889769047182785,5.400783689607425,4.888597810728298,19.931322693881842,29.855809366450167,1.7072420920410052,2.746206657268069,0.8523653492620437,18.93562276806651,5.680123820151466,0
2.5874043739681283,2.0787033958822705,5.267644651267861,9.312667990756385,20.66589391456023,0.684402000124507,0.8713247874969251,0.7565526600578163,54.78708106372198,3.758498768734364,2
0.37754193890400456,4.389066001550221,7.437577734666762,13.073301528027129,34.265756171006956,3.672784778924206,1.440207372482712,0.61051316409216,2.396138512426982,4.975224674361168,1
0.3051970855679169,4.038760611263613,2.4534434573266832,12.999853217894074,18.84104109656584,2.5294392619175468,1.6925176442002086,0.36420222264951607,76.42204838423086,3.638110270459416,2
0.9401509956344979,2.476507387859164,2.277381633808531,11.084678891708563,27.136387532545516,0.9533877978180934,2.8524261249759166,0.2099318316734844,58.09138982462784,3.1164108042928524,2
0.6424519123848403,1.683004518255863,5.135284503551272,7.537428407636303,32.361932174246185,3.6838526854011926,2.9959902255767155,0.7761518641056229,62.55895834697527,3.3909782804546924,0
3.0640641264134856,4.258198802386383,7.577309537103844,19.661848447757638,21.368677294375228,0.6402870910036456,0.7826810216404272,0.48640909899108653,5.172088255465345,6.318360635247294,2
0.8453275570173506,4.692987290661653,3.5474827436518606,17.79975779999879,19.08302822852275,4.4158851072150895,2.208241626902865,0.2247500381773575,21.10383302086154,4.732457889793373,0
3.4179418697850465,2.57813671881675,7.132035850050014,12.474995424413558,23.780380305184682,1.1239363810098668,1.196290080476266,0.19517461504000622,7.433087235358016,4.695944024611792,0
1.2454456920217634,4.224163020111569,4.078625103522396,14.048681340260448,34.53890483047461,1.0729034543602625,0.12351377097001837,0.16540090450135903,28.891431580381177,4.153078274750224,0
0.7192009133415775,2.9756545380575163,9.08868887050813,8.408915803394935,37.89765289436994,1.2905253408586304,0.12683231506411682,0.777161196205595,62.7439007682151,4.752053763377191,2
2.784974924284429,4.566034416413089,9.165519554132931,13.156806055876203,26.352502385796704,4.8211986132143,1.4356414219305418,0.2289871853003117,56.618598431737524,5.596670309770395,0
2.339606436702979,1.9960763744702654,4.378297634250612,15.424551996822137,29.843986159709555,3.619262121142307,1.5161712477125704,0.5266422635251975,61.21498216133902,4.687373088828668,1
1.7938654359406725,5.451075013180872,3.839950031705924,12.727505425798832,37.09820866716743,4.106171909586365,0.1654521200629837,0.45154636097305645,54.92512713778943,3.9525707482795234,0
1.9882360731879463,2.4370479823278988,5.29043177652985,19.85427755877412,12.956405542388271,2.2893574357973887,2.092089508645477,0.5796108992282839,27.302879567585936,5.755815863262193,2
2.545286046125697,2.8389299387807645,3.9242526814411898,14.170124843715893,16.96235733598495,2.0134072737723,0.952609826925364,0.8771549003711943,24.450749734442525,4.260084002453102,0
0.8767461205264157,1.290459760401749,7.379070746333629,10.564605688882535,31.267000187547474,1.5551780305242646,1.7236899944542532,0.8677473900817306,13.705968353658127,4.541309744753916,2
3.4875353145929227,1.557561061606382,8.608517476386284,16.582280414237573,34.71233385736899,2.66291612740584,0.9726653121797144,0.45107607182485965,84.90708749034921,6.243947802599419,2
3.4142967512990627,3.5793095135616406,7.384737047289736,7.556937673724631,35.71087084991734,2.9832293009037585,0.5846895131209908,0.015366250734723308,61.64793585412445,3.914825706641165,1
2.3111073335795855,2.3379633836398575,8.594803577994796,10.767737205593999,22.45321530564798,3.3429867964373994,1.2808038419367385,0.4264438057143032,18.651101250405976,4.8732305794113175,0
0.7784443331590934,5.177401128710972,5.175937297659793,10.204384255663788,12.680197068756005,1.6570332679941253,0.7735927578924522,0.6061935374241404,17.720937982123953,3.7680595618618957,1
2.4127760242663907,1.0734669432747692,3.250535765670887,11.47710642661666,23.133444318988598,4.768943364063458,1.6509228330655874,0.5577647590980618,87.30356015261367,3.6440456473020513,2
0.3454745905291979,2.895470243359681,7.903607579180737,16.726697388930894,16.92203770621161,1.2639132419321113,0.6766027378307918,0.6513361058002055,74.27308637633193,6.069508231829437,2
0.20421850749974063,2.6867277338454634,4.883796041132431,12.262595482451111,18.735893649898724,4.845439286448856,1.5743773322694186,0.15407573247308348,65.93990799053714,4.14629277929618,0
0.9761218209381265,1.096638154588005,7.37016660183306,16.91021675398944,33.16802670512517,0.566852551283767,0.5563976931197159,0.6465350987807326,40.68641075392998,5.844459583365742,2
1.6729180529136756,1.621841995002551,4.165151535854125,13.647333547097988,12.265812580776606,2.6650656131758055,2.0458266575087762,0.18265161874377223,26.197556427851755,4.094135163208145,0
3.052126518388494,3.068213374593176,2.6498370784533813,10.13104151986333,34.82743652442106,2.0001552715245325,2.2864192848801297,0.750523980696749,97.94507631128238,3.2650994525818775,1
2.572374837205447,3.4643229222372334,9.940654363902107,17.149681155252086,22.830072574725072,2.5210553626861287,0.420143279324808,0.33908761326268,79.72395750228002,6.719121935380426,2
2.6252021720799354,3.0214487362743454,3.2496120634447943,8.574345058296373,27.881917933017853,3.067990605413551,1.4566269949082837,0.7098954333814536,30.177922313627647,2.9222654843098863,0
